Year_Country,Country,Year,fossil_fuel_consumption,wind_consumption,hydro_consumption,solar_consumption,biofuel_consumption
2010_Algeria,Algeria,2010,436.927,0.0,0.451,0.024,0.0
2011_Algeria,Algeria,2011,463.396,0.0,0.98,0.047,0.0
2012_Algeria,Algeria,2012,506.532,0.0,1.002,0.069,0.0
2013_Algeria,Algeria,2013,536.629,0.0,0.253,0.073,0.0
2014_Algeria,Algeria,2014,584.926,0.003,0.491,0.153,0.0
2015_Algeria,Algeria,2015,616.921,0.048,0.367,0.147,0.0
2016_Algeria,Algeria,2016,615.974,0.048,0.181,0.616,0.0
2017_Algeria,Algeria,2017,622.064,0.048,0.14,1.26,0.0
2018_Algeria,Algeria,2018,670.257,0.025,0.291,1.499,0.0
2019_Algeria,Algeria,2019,703.118,0.025,0.375,1.523,0.0
1996_Argentina,Argentina,1996,560.375,0.027,72.07,0.0,0.0
1997_Argentina,Argentina,1997,535.408,0.041,91.75,0.0,0.0
1998_Argentina,Argentina,1998,562.239,0.09,90.061,0.0,0.0
1999_Argentina,Argentina,1999,564.152,0.097,73.695,0.0,0.0
2000_Argentina,Argentina,2000,572.457,0.097,94.539,0.0,0.0
2001_Argentina,Argentina,2001,541.622,0.136,115.642,0.0,0.0
2002_Argentina,Argentina,2002,513.836,0.201,113.7,0.0,0.0
2003_Argentina,Argentina,2003,563.029,0.212,106.468,0.0,0.0
2004_Argentina,Argentina,2004,610.259,0.196,95.836,0.0,0.0
2005_Argentina,Argentina,2005,651.139,0.193,105.847,0.0,0.0
2006_Argentina,Argentina,2006,676.39,0.186,116.605,0.0,0.0
2007_Argentina,Argentina,2007,730.242,0.164,100.25,0.0,0.0
2008_Argentina,Argentina,2008,746.359,0.111,98.196,0.0,0.0
2009_Argentina,Argentina,2009,718.798,0.097,106.993,0.0,0.0
2010_Argentina,Argentina,2010,760.64,0.066,105.71,0.0,5.962
2011_Argentina,Argentina,2011,779.77,0.069,102.728,0.004,8.8
2012_Argentina,Argentina,2012,810.043,0.953,94.984,0.021,10.877
2013_Argentina,Argentina,2013,839.406,1.161,104.202,0.039,12.06
2014_Argentina,Argentina,2014,834.515,1.577,103.995,0.041,14.111
2015_Argentina,Argentina,2015,849.631,1.501,105.671,0.037,15.394
2016_Argentina,Argentina,2016,853.663,1.376,96.202,0.036,16.339
2017_Argentina,Argentina,2017,845.421,1.529,103.858,0.041,18.784
2018_Argentina,Argentina,2018,835.064,3.511,103.511,0.269,17.946
2019_Argentina,Argentina,2019,810.582,12.371,91.785,1.98,18.322
1991_Australia,Australia,1991,1004.912,0.0,43.482,0.015,0.0
1992_Australia,Australia,1992,1014.883,0.0,44.282,0.034,0.0
1993_Australia,Australia,1993,1043.869,0.006,45.519,0.041,0.0
1994_Australia,Australia,1994,1087.974,0.015,44.861,0.048,0.0
1995_Australia,Australia,1995,1119.145,0.019,43.419,0.059,0.0
1996_Australia,Australia,1996,1147.24,0.019,44.357,0.071,0.0
1997_Australia,Australia,1997,1177.299,0.021,44.313,0.085,0.0
1998_Australia,Australia,1998,1206.011,0.05,43.883,0.099,0.0
1999_Australia,Australia,1999,1259.258,0.119,45.226,0.113,0.0
2000_Australia,Australia,2000,1264.793,0.372,45.74,0.13,0.0
2001_Australia,Australia,2001,1277.953,0.792,44.497,0.149,0.0
2002_Australia,Australia,2002,1296.045,1.463,44.131,0.16,0.0
2003_Australia,Australia,2003,1314.682,1.918,44.163,0.172,0.0
2004_Australia,Australia,2004,1358.446,2.152,42.464,0.197,0.0
2005_Australia,Australia,2005,1349.633,3.494,41.601,0.226,0.08
2006_Australia,Australia,2006,1432.939,5.779,39.948,0.261,0.946
2007_Australia,Australia,2007,1451.875,7.576,34.661,0.302,3.608
2008_Australia,Australia,2008,1475.171,9.129,31.189,0.367,8.652
2009_Australia,Australia,2009,1455.724,11.642,33.166,0.761,12.698
2010_Australia,Australia,2010,1450.189,12.998,35.841,2.549,19.16
2011_Australia,Australia,2011,1482.664,16.668,50.72,5.298,20.221
2012_Australia,Australia,2012,1466.998,19.898,43.881,6.213,18.007
2013_Australia,Australia,2013,1466.687,23.705,48.872,9.85,17.071
2014_Australia,Australia,2014,1497.662,24.882,36.861,12.602,16.366
2015_Australia,Australia,2015,1515.937,29.949,35.632,15.701,14.863
2016_Australia,Australia,2016,1516.339,32.759,44.338,18.798,12.685
2017_Australia,Australia,2017,1518.533,32.988,33.755,22.394,14.323
2018_Australia,Australia,2018,1526.401,40.789,43.136,30.519,15.849
2019_Australia,Australia,2019,1627.912,48.347,35.395,44.45,15.484
1990_Austria,Austria,1990,238.766,0.0,87.525,0.0,0.074
1991_Austria,Austria,1991,255.092,0.0,87.343,0.0,0.082
1992_Austria,Austria,1992,239.168,0.0,96.801,0.0,0.091
1993_Austria,Austria,1993,239.694,0.0,101.96,0.003,0.104
1994_Austria,Austria,1994,240.95,0.0,99.188,0.003,0.074
1995_Austria,Austria,1995,251.926,0.003,102.965,0.003,0.131
1996_Austria,Austria,1996,261.676,0.014,95.045,0.003,0.129
1997_Austria,Austria,1997,263.393,0.056,100.293,0.006,0.152
1998_Austria,Austria,1998,265.774,0.125,103.232,0.006,0.156
1999_Austria,Austria,1999,264.691,0.142,113.053,0.006,0.184
2000_Austria,Austria,2000,262.847,0.186,116.21,0.008,0.198
2001_Austria,Austria,2001,281.025,0.475,111.647,0.014,0.227
2002_Austria,Austria,2002,283.582,0.557,110.3,0.025,0.235
2003_Austria,Austria,2003,307.622,0.997,90.49,0.041,0.244
2004_Austria,Austria,2004,302.939,2.501,99.516,0.049,0.249
2005_Austria,Austria,2005,306.91,3.581,99.781,0.057,0.946
2006_Austria,Austria,2006,301.003,4.685,95.307,0.06,3.397
2007_Austria,Austria,2007,284.858,5.411,98.426,0.064,3.964
2008_Austria,Austria,2008,288.778,5.309,101.18,0.08,4.843
2009_Austria,Austria,2009,267.732,5.126,107.29,0.128,6.143
2010_Austria,Austria,2010,287.842,5.381,100.027,0.232,5.991
2011_Austria,Austria,2011,273.053,5.018,88.729,0.451,6.019
2012_Austria,Austria,2012,265.938,6.342,112.829,0.869,5.957
2013_Austria,Austria,2013,266.877,8.073,107.649,1.603,5.241
2014_Austria,Austria,2014,250.796,9.787,104.368,1.998,6.503
2015_Austria,Austria,2015,257.596,12.245,93.742,2.371,7.74
2016_Austria,Austria,2016,263.486,13.165,100.201,2.756,6.42
2017_Austria,Austria,2017,274.098,16.429,95.734,3.172,5.604
2018_Austria,Austria,2018,269.233,14.988,93.545,3.573,5.854
2019_Austria,Austria,2019,276.211,18.412,100.861,3.347,5.939
2009_Azerbaijan,Azerbaijan,2009,125.875,0.006,6.056,0.0,0.0
2010_Azerbaijan,Azerbaijan,2010,121.15,0.001,8.986,0.0,0.0
2013_Azerbaijan,Azerbaijan,2013,149.37,0.002,3.812,0.002,0.0
2014_Azerbaijan,Azerbaijan,2014,152.86,0.006,3.308,0.007,0.0
2015_Azerbaijan,Azerbaijan,2015,166.603,0.012,4.142,0.012,0.0
2016_Azerbaijan,Azerbaijan,2016,164.056,0.057,4.927,0.089,0.0
2017_Azerbaijan,Azerbaijan,2017,161.403,0.055,4.366,0.093,0.0
2018_Azerbaijan,Azerbaijan,2018,166.049,0.204,4.394,0.098,0.0
2019_Azerbaijan,Azerbaijan,2019,177.629,0.333,3.874,0.108,0.0
2003_Bangladesh,Bangladesh,2003,167.944,0.0,2.041,0.002,0.0
2004_Bangladesh,Bangladesh,2004,173.801,0.0,2.028,0.005,0.0
2005_Bangladesh,Bangladesh,2005,187.605,0.0,2.015,0.009,0.0
2006_Bangladesh,Bangladesh,2006,203.441,0.004,2.002,0.014,0.0
2007_Bangladesh,Bangladesh,2007,208.275,0.004,1.99,0.024,0.0
2008_Bangladesh,Bangladesh,2008,219.933,0.008,2.508,0.04,0.0
2009_Bangladesh,Bangladesh,2009,243.414,0.013,1.094,0.066,0.0
2010_Bangladesh,Bangladesh,2010,248.374,0.013,1.901,0.116,0.0
2011_Bangladesh,Bangladesh,2011,269.68,0.013,2.26,0.151,0.0
2012_Bangladesh,Bangladesh,2012,289.059,0.013,2.001,0.234,0.0
2013_Bangladesh,Bangladesh,2013,297.956,0.013,1.865,0.332,0.0
2014_Bangladesh,Bangladesh,2014,311.028,0.013,1.442,0.425,0.0
2015_Bangladesh,Bangladesh,2015,365.23,0.013,2.272,0.502,0.0
2016_Bangladesh,Bangladesh,2016,370.27,0.013,2.225,0.535,0.0
2017_Bangladesh,Bangladesh,2017,383.526,0.013,2.574,0.686,0.0
2018_Bangladesh,Bangladesh,2018,408.752,0.013,2.151,0.74,0.0
2019_Bangladesh,Bangladesh,2019,485.273,0.013,2.038,1.042,0.0
2004_Belarus,Belarus,2004,287.386,0.003,0.089,0.0,0.0
2005_Belarus,Belarus,2005,286.352,0.003,0.097,0.0,0.0
2006_Belarus,Belarus,2006,304.169,0.003,0.094,0.0,0.0
2007_Belarus,Belarus,2007,296.992,0.003,0.093,0.0,0.0
2008_Belarus,Belarus,2008,300.353,0.003,0.103,0.0,0.0
2009_Belarus,Belarus,2009,284.489,0.003,0.118,0.0,0.0
2010_Belarus,Belarus,2010,301.882,0.003,0.117,0.0,0.0
2011_Belarus,Belarus,2011,300.223,0.01,0.109,0.0,0.0
2012_Belarus,Belarus,2012,324.357,0.015,0.185,0.0,0.0
2013_Belarus,Belarus,2013,285.884,0.02,0.353,0.001,0.0
2014_Belarus,Belarus,2014,295.215,0.023,0.308,0.005,0.0
2015_Belarus,Belarus,2015,268.136,0.099,0.281,0.023,0.0
2016_Belarus,Belarus,2016,266.516,0.184,0.357,0.065,0.0
2017_Belarus,Belarus,2017,271.089,0.243,1.013,0.223,0.0
2018_Belarus,Belarus,2018,289.382,0.246,0.805,0.293,0.0
2019_Belarus,Belarus,2019,291.915,0.263,0.802,0.297,0.0
1987_Belgium,Belgium,1987,457.858,0.017,1.192,0.0,0.0
1988_Belgium,Belgium,1988,466.242,0.022,0.997,0.0,0.0
1989_Belgium,Belgium,1989,476.085,0.019,0.847,0.0,0.0
1990_Belgium,Belgium,1990,507.092,0.019,0.739,0.0,0.0
1991_Belgium,Belgium,1991,528.404,0.022,0.636,0.0,0.0
1992_Belgium,Belgium,1992,524.155,0.025,0.947,0.0,0.0
1993_Belgium,Belgium,1993,518.421,0.022,0.706,0.0,0.0
1994_Belgium,Belgium,1994,557.162,0.025,0.961,0.0,0.0
1995_Belgium,Belgium,1995,560.837,0.025,0.939,0.0,0.0
1996_Belgium,Belgium,1996,598.406,0.022,0.664,0.0,0.0
1997_Belgium,Belgium,1997,593.671,0.022,0.847,0.0,0.0
1998_Belgium,Belgium,1998,611.263,0.031,1.081,0.0,0.0
1999_Belgium,Belgium,1999,596.985,0.036,0.947,0.0,0.0
2000_Belgium,Belgium,2000,615.495,0.044,1.278,0.0,0.0
2001_Belgium,Belgium,2001,615.184,0.102,1.217,0.0,0.0
2002_Belgium,Belgium,2002,610.027,0.156,0.987,0.0,0.0
2003_Belgium,Belgium,2003,638.757,0.24,0.673,0.0,0.0
2004_Belgium,Belgium,2004,641.569,0.384,0.858,0.003,0.0
2005_Belgium,Belgium,2005,631.093,0.611,0.775,0.003,0.0
2006_Belgium,Belgium,2006,633.816,0.978,0.96,0.005,0.0
2007_Belgium,Belgium,2007,633.675,1.304,1.033,0.016,0.0
2008_Belgium,Belgium,2008,652.342,1.682,1.082,0.111,0.0
2009_Belgium,Belgium,2009,593.05,2.613,0.86,0.435,1.538
2010_Belgium,Belgium,2010,634.033,3.369,0.813,1.46,4.171
2011_Belgium,Belgium,2011,576.31,5.991,0.508,3.029,4.125
2012_Belgium,Belgium,2012,564.012,7.086,0.92,5.533,4.074
2013_Belgium,Belgium,2013,573.695,9.383,0.973,6.769,4.03
2014_Belgium,Belgium,2014,546.101,11.746,0.751,7.345,4.825
2015_Belgium,Belgium,2015,571.739,14.101,0.805,7.731,3.024
2016_Belgium,Belgium,2016,579.192,13.675,0.93,7.784,5.079
2017_Belgium,Belgium,2017,587.43,16.284,0.675,8.268,5.512
2018_Belgium,Belgium,2018,599.881,18.553,0.779,9.697,5.469
2019_Belgium,Belgium,2019,592.903,23.604,0.734,9.773,5.467
1990_Brazil,Brazil,1990,829.647,0.0,574.189,0.0,68.095
1991_Brazil,Brazil,1991,854.976,0.0,604.95,0.0,70.99
1992_Brazil,Brazil,1992,909.826,0.0,620.398,0.0,69.464
1993_Brazil,Brazil,1993,950.132,0.0,652.959,0.0,72.437
1994_Brazil,Brazil,1994,1010.096,0.0,674.181,0.0,77.263
1995_Brazil,Brazil,1995,1057.746,0.0,705.292,0.0,79.893
1996_Brazil,Brazil,1996,1122.79,0.006,738.248,0.0,83.174
1997_Brazil,Brazil,1997,1197.646,0.011,774.923,0.0,80.362
1998_Brazil,Brazil,1998,1239.807,0.014,809.637,0.0,78.883
1999_Brazil,Brazil,1999,1269.606,0.006,813.89,0.0,79.064
2000_Brazil,Brazil,2000,1282.023,0.003,845.565,0.0,67.689
2001_Brazil,Brazil,2001,1322.387,0.096,739.269,0.0,64.085
2002_Brazil,Brazil,2002,1318.76,0.167,784.446,0.0,72.376
2003_Brazil,Brazil,2003,1311.017,0.166,832.608,0.0,68.792
2004_Brazil,Brazil,2004,1382.411,0.165,868.4,0.0,76.702
2005_Brazil,Brazil,2005,1406.522,0.25,907.716,0.0,83.004
2006_Brazil,Brazil,2006,1435.178,0.633,932.342,0.0,77.389
2007_Brazil,Brazil,2007,1492.973,1.761,993.478,0.0,107.285
2008_Brazil,Brazil,2008,1583.418,3.123,975.538,0.0,143.157
2009_Brazil,Brazil,2009,1492.023,3.248,1025.741,0.0,156.795
2010_Brazil,Brazil,2010,1704.874,5.675,1051.523,0.0,167.131
2011_Brazil,Brazil,2011,1795.044,7.009,1110.01,0.0,152.441
2012_Brazil,Brazil,2012,1886.311,13.008,1069.822,0.003,144.164
2013_Brazil,Brazil,2013,2037.776,16.836,1001.035,0.012,169.469
2014_Brazil,Brazil,2014,2117.411,31.074,950.37,0.041,187.01
2015_Brazil,Brazil,2015,2048.107,54.708,910.064,0.149,221.688
2016_Brazil,Brazil,2016,1897.973,84.218,957.913,0.214,201.393
2017_Brazil,Brazil,2017,1932.736,105.933,927.267,2.08,211.387
2018_Brazil,Brazil,2018,1855.675,120.479,966.742,8.603,245.03
2019_Brazil,Brazil,2019,1854.374,138.255,988.747,13.774,270.924
2004_Bulgaria,Bulgaria,2004,163.962,0.003,8.576,0.0,0.0
2005_Bulgaria,Bulgaria,2005,173.828,0.013,11.666,0.0,0.0
2006_Bulgaria,Bulgaria,2006,177.915,0.053,11.328,0.0,0.0
2007_Bulgaria,Bulgaria,2007,187.188,0.125,7.634,0.0,0.0
2008_Bulgaria,Bulgaria,2008,180.61,0.322,7.455,0.0,0.0
2009_Bulgaria,Bulgaria,2009,152.059,0.622,9.103,0.008,0.0
2010_Bulgaria,Bulgaria,2010,154.92,1.776,13.185,0.039,0.0
2011_Bulgaria,Bulgaria,2011,170.679,2.231,7.559,0.262,0.0
2012_Bulgaria,Bulgaria,2012,156.89,3.145,8.309,2.097,0.0
2013_Bulgaria,Bulgaria,2013,140.972,3.518,10.446,3.484,0.0
2014_Bulgaria,Bulgaria,2014,148.406,3.387,11.719,3.186,0.0
2015_Bulgaria,Bulgaria,2015,159.51,3.673,14.321,3.499,0.0
2016_Bulgaria,Bulgaria,2016,151.024,3.584,9.913,3.486,0.0
2017_Bulgaria,Bulgaria,2017,158.987,3.76,7.07,3.507,0.0
2018_Bulgaria,Bulgaria,2018,149.521,3.276,12.791,3.337,0.0
2019_Bulgaria,Bulgaria,2019,145.404,3.237,8.473,4.533,0.0
1985_Canada,Canada,1985,1739.617,0.003,843.459,0.0,0.0
1986_Canada,Canada,1986,1696.826,0.003,862.876,0.0,0.0
1987_Canada,Canada,1987,1758.467,0.003,878.351,0.0,0.0
1988_Canada,Canada,1988,1883.44,0.003,853.987,0.0,0.0
1989_Canada,Canada,1989,1967.487,0.003,806.805,0.0,0.0
1990_Canada,Canada,1990,1916.19,0.005,821.343,0.0,0.0
1991_Canada,Canada,1991,1856.873,0.005,853.545,0.0,0.0
1992_Canada,Canada,1992,1919.092,0.164,875.486,0.006,0.0
1993_Canada,Canada,1993,1929.235,0.164,895.039,0.006,0.0
1994_Canada,Canada,1994,1987.513,0.164,910.711,0.006,0.0
1995_Canada,Canada,1995,2062.428,0.164,927.944,0.011,0.0
1996_Canada,Canada,1996,2109.232,0.172,984.979,0.016,0.0
1997_Canada,Canada,1997,2178.101,0.172,968.555,0.019,0.0
1998_Canada,Canada,1998,2208.876,0.172,919.084,0.028,0.0
1999_Canada,Canada,1999,2270.683,0.45,958.336,0.037,0.0
2000_Canada,Canada,2000,2340.522,0.733,991.001,0.046,0.0
2001_Canada,Canada,2001,2318.705,0.908,914.913,0.054,0.0
2002_Canada,Canada,2002,2386.203,1.11,957.689,0.062,0.0
2003_Canada,Canada,2003,2448.106,1.88,915.765,0.062,0.0
2004_Canada,Canada,2004,2448.534,2.558,916.047,0.039,0.0
2005_Canada,Canada,2005,2425.669,4.175,973.616,0.05,0.0
2006_Canada,Canada,2006,2387.713,6.543,943.253,0.061,5.091
2007_Canada,Canada,2007,2493.041,7.908,976.495,0.077,6.222
2008_Canada,Canada,2008,2451.737,10.001,996.475,0.092,8.43
2009_Canada,Canada,2009,2285.09,17.424,967.236,0.287,9.537
2010_Canada,Canada,2010,2401.931,22.747,916.188,0.663,9.806
2011_Canada,Canada,2011,2495.016,26.403,973.675,1.481,15.319
2012_Canada,Canada,2012,2441.658,29.136,979.477,2.269,17.952
2013_Canada,Canada,2013,2509.179,28.535,1003.075,3.837,20.187
2014_Canada,Canada,2014,2568.967,32.618,973.432,5.395,21.309
2015_Canada,Canada,2015,2542.913,68.219,966.859,7.324,20.788
2016_Canada,Canada,2016,2513.077,77.79,969.284,8.228,21.058
2017_Canada,Canada,2017,2544.678,78.784,986.469,8.952,21.807
2018_Canada,Canada,2018,2638.454,82.481,959.056,9.579,22.849
2019_Canada,Canada,2019,2608.28,84.618,945.858,10.684,23.322
2001_Chile,Chile,2001,244.261,0.019,59.831,0.0,0.0
2002_Chile,Chile,2002,251.079,0.019,63.577,0.0,0.0
2003_Chile,Chile,2003,251.507,0.019,61.579,0.0,0.0
2004_Chile,Chile,2004,271.616,0.014,56.764,0.0,0.0
2005_Chile,Chile,2005,273.326,0.019,68.795,0.0,0.0
2006_Chile,Chile,2006,291.22,0.019,75.418,0.0,0.0
2007_Chile,Chile,2007,311.998,0.03,59.327,0.0,0.0
2008_Chile,Chile,2008,301.551,0.101,64.057,0.0,0.0
2009_Chile,Chile,2009,292.26,0.207,66.057,0.0,0.0
2010_Chile,Chile,2010,302.55,0.848,56.735,0.0,0.0
2011_Chile,Chile,2011,335.999,0.875,53.151,0.0,0.0
2012_Chile,Chile,2012,341.735,1.052,51.933,0.001,0.0
2013_Chile,Chile,2013,344.163,1.396,50.967,0.017,0.0
2014_Chile,Chile,2014,330.055,3.673,58.648,1.167,0.0
2015_Chile,Chile,2015,332.723,5.35,59.757,3.441,0.0
2016_Chile,Chile,2016,356.774,6.166,49.518,6.413,0.0
2017_Chile,Chile,2017,348.094,9.064,53.314,9.74,0.0
2018_Chile,Chile,2018,358.826,8.917,58.075,12.722,0.0
2019_Chile,Chile,2019,354.847,13.124,51.636,15.601,0.0
1990_China,China,1990,7620.275,0.006,352.067,0.006,0.0
1991_China,China,1991,8029.22,0.025,346.358,0.006,0.0
1992_China,China,1992,8456.527,0.365,363.017,0.008,0.0
1993_China,China,1993,9070.002,0.589,421.795,0.011,0.0
1994_China,China,1994,9572.766,1.066,465.081,0.014,0.0
1995_China,China,1995,9815.824,1.712,529.389,0.019,0.0
1996_China,China,1996,10365.629,0.261,522.139,0.025,0.0
1997_China,China,1997,10403.181,0.55,544.389,0.031,0.0
1998_China,China,1998,10411.263,0.988,552.473,0.039,0.0
1999_China,China,1999,10800.842,1.316,546.056,0.047,0.0
2000_China,China,2000,11119.51,1.639,617.806,0.061,0.0
2001_China,China,2001,11633.089,1.985,765.635,0.086,0.053
2002_China,China,2002,12699.612,2.296,789.596,0.132,0.444
2003_China,China,2003,14896.342,2.716,772.847,0.174,1.618
2004_China,China,2004,17375.205,3.459,957.047,0.206,5.556
2005_China,China,2005,19761.647,5.235,1067.926,0.226,8.345
2006_China,China,2006,21671.211,9.922,1164.838,0.254,10.505
2007_China,China,2007,23515.753,14.554,1288.984,0.303,13.589
2008_China,China,2008,24004.399,34.581,1681.417,0.401,16.372
2009_China,China,2009,25145.182,72.447,1615.117,0.732,17.81
2010_China,China,2010,26704.582,128.803,1854.835,1.828,17.95
2011_China,China,2011,28960.784,192.028,1783.045,6.764,21.157
2012_China,China,2012,29660.252,265.432,2222.35,9.259,24.471
2013_China,China,2013,30602.048,353.99,2328.828,21.439,28.366
2014_China,China,2014,30841.824,406.582,2696.822,59.836,37.613
2015_China,China,2015,30845.17,469.503,2819.461,99.877,22.601
2016_China,China,2016,30872.326,605.715,2900.231,167.304,26.189
2017_China,China,2017,31527.347,761.501,2912.665,294.5,26.921
2018_China,China,2018,32388.702,909.153,2979.692,439.664,30.774
2019_China,China,2019,33512.486,1004.602,3143.991,554.178,27.583
2000_Colombia,Colombia,2000,220.966,0.0,85.599,0.005,0.0
2001_Colombia,Colombia,2001,214.327,0.0,87.298,0.007,0.0
2002_Colombia,Colombia,2002,207.379,0.0,93.138,0.013,0.0
2003_Colombia,Colombia,2003,212.59,0.0,98.557,0.017,0.0
2004_Colombia,Colombia,2004,212.84,0.141,103.76,0.022,0.0
2005_Colombia,Colombia,2005,211.651,0.133,105.499,0.026,0.008
2006_Colombia,Colombia,2006,241.847,0.168,113.755,0.0,0.077
2007_Colombia,Colombia,2007,239.394,0.133,117.518,0.0,0.092
2008_Colombia,Colombia,2008,263.741,0.142,121.853,0.0,0.132
2009_Colombia,Colombia,2009,259.229,0.151,107.135,0.0,0.185
2010_Colombia,Colombia,2010,286.278,0.101,105.748,0.0,0.293
2011_Colombia,Colombia,2011,283.842,0.107,125.498,0.0,0.363
2012_Colombia,Colombia,2012,315.492,0.141,122.559,0.0,0.372
2013_Colombia,Colombia,2013,330.924,0.148,113.58,0.0,0.385
2014_Colombia,Colombia,2014,353.995,0.179,113.864,0.0,0.394
2015_Colombia,Colombia,2015,357.326,0.173,113.035,0.0,0.421
2016_Colombia,Colombia,2016,378.724,0.128,117.662,0.0,0.395
2017_Colombia,Colombia,2017,362.163,0.008,143.355,0.0,0.385
2018_Colombia,Colombia,2018,367.932,0.138,140.789,0.03,0.39
2019_Colombia,Colombia,2019,400.957,0.147,127.63,0.305,0.401
2004_Croatia,Croatia,2004,88.545,0.005,20.646,0.0,0.0
2005_Croatia,Croatia,2005,89.066,0.027,18.926,0.0,0.0
2006_Croatia,Croatia,2006,89.033,0.051,17.687,0.0,0.0
2007_Croatia,Croatia,2007,95.014,0.093,12.484,0.0,0.0
2008_Croatia,Croatia,2008,91.402,0.106,15.26,0.0,0.0
2009_Croatia,Croatia,2009,85.493,0.142,19.437,0.0,0.0
2010_Croatia,Croatia,2010,82.442,0.362,23.795,0.0,0.0
2011_Croatia,Croatia,2011,79.799,0.521,13.043,0.0,0.0
2012_Croatia,Croatia,2012,72.795,0.847,12.459,0.005,0.0
2013_Croatia,Croatia,2013,70.368,1.324,22.074,0.029,0.0
2014_Croatia,Croatia,2014,68.669,1.858,22.922,0.089,0.0
2015_Croatia,Croatia,2015,70.384,2.014,16.168,0.144,0.0
2016_Croatia,Croatia,2016,72.108,2.55,17.234,0.166,0.0
2017_Croatia,Croatia,2017,75.561,3.01,13.269,0.197,0.0
2018_Croatia,Croatia,2018,73.13,3.319,19.14,0.186,0.0
2019_Croatia,Croatia,2019,73.783,3.565,14.464,0.194,0.0
2004_Cyprus,Cyprus,2004,31.226,0.001,0.0,0.001,0.0
2005_Cyprus,Cyprus,2005,34.99,0.001,0.0,0.002,0.0
2006_Cyprus,Cyprus,2006,34.408,0.001,0.0,0.003,0.0
2007_Cyprus,Cyprus,2007,34.966,0.001,0.0,0.005,0.0
2008_Cyprus,Cyprus,2008,35.643,0.001,0.0,0.008,0.0
2009_Cyprus,Cyprus,2009,34.731,0.001,0.0,0.01,0.0
2010_Cyprus,Cyprus,2010,33.674,0.081,0.0,0.018,0.0
2011_Cyprus,Cyprus,2011,33.027,0.295,0.0,0.031,0.0
2012_Cyprus,Cyprus,2012,30.693,0.477,0.0,0.057,0.0
2013_Cyprus,Cyprus,2013,27.19,0.591,0.0,0.12,0.0
2014_Cyprus,Cyprus,2014,27.295,0.468,0.0,0.213,0.0
2015_Cyprus,Cyprus,2015,27.969,0.561,0.0,0.32,0.0
2016_Cyprus,Cyprus,2016,30.471,0.57,0.0,0.367,0.0
2017_Cyprus,Cyprus,2017,31.31,0.529,0.0,0.43,0.0
2018_Cyprus,Cyprus,2018,31.103,0.548,0.0,0.477,0.0
2019_Cyprus,Cyprus,2019,30.998,0.59,0.0,0.534,0.0
2001_Czechia,Czechia,2001,435.465,0.001,5.669,0.0,0.0
2002_Czechia,Czechia,2002,424.654,0.004,6.833,0.0,0.0
2003_Czechia,Czechia,2003,436.258,0.011,3.768,0.0,0.0
2004_Czechia,Czechia,2004,446.547,0.027,5.466,0.0,0.0
2005_Czechia,Czechia,2005,442.445,0.057,6.402,0.0,0.0
2006_Czechia,Czechia,2006,447.799,0.132,6.818,0.0,0.0
2007_Czechia,Czechia,2007,442.393,0.332,5.523,0.005,0.0
2008_Czechia,Czechia,2008,429.71,0.646,5.344,0.034,0.0
2009_Czechia,Czechia,2009,403.889,0.756,6.374,0.233,0.0
2010_Czechia,Czechia,2010,419.104,0.875,7.273,1.605,0.0
2011_Czechia,Czechia,2011,403.11,1.028,5.53,5.489,0.0
2012_Czechia,Czechia,2012,393.389,1.075,5.748,5.597,0.0
2013_Czechia,Czechia,2013,380.117,1.225,7.313,5.3,0.0
2014_Czechia,Czechia,2014,371.066,1.213,4.859,5.403,0.0
2015_Czechia,Czechia,2015,371.912,1.449,4.54,5.727,0.0
2016_Czechia,Czechia,2016,372.214,1.25,5.031,5.359,0.0
2017_Czechia,Czechia,2017,381.994,1.478,4.674,5.483,0.0
2018_Czechia,Czechia,2018,378.329,1.514,4.048,5.815,0.0
2019_Czechia,Czechia,2019,370.229,1.733,4.97,5.65,0.0
1978_Denmark,Denmark,1978,239.53,0.008,0.075,0.0,0.0
1979_Denmark,Denmark,1979,239.035,0.017,0.081,0.0,0.0
1980_Denmark,Denmark,1980,232.829,0.029,0.095,0.0,0.0
1981_Denmark,Denmark,1981,209.112,0.029,0.099,0.0,0.0
1982_Denmark,Denmark,1982,199.85,0.051,0.084,0.0,0.0
1983_Denmark,Denmark,1983,189.829,0.075,0.093,0.0,0.0
1984_Denmark,Denmark,1984,193.0,0.092,0.084,0.0,0.0
1985_Denmark,Denmark,1985,217.461,0.143,0.083,0.0,0.0
1986_Denmark,Denmark,1986,222.025,0.349,0.079,0.0,0.0
1987_Denmark,Denmark,1987,213.845,0.483,0.082,0.0,0.0
1988_Denmark,Denmark,1988,211.091,0.81,0.091,0.0,0.0
1989_Denmark,Denmark,1989,194.078,1.19,0.064,0.0,0.0
1990_Denmark,Denmark,1990,199.403,1.695,0.078,0.0,0.0
1991_Denmark,Denmark,1991,229.457,2.056,0.071,0.0,0.0
1992_Denmark,Denmark,1992,213.685,2.543,0.077,0.0,0.0
1993_Denmark,Denmark,1993,225.841,2.873,0.076,0.0,0.0
1994_Denmark,Denmark,1994,242.767,3.158,0.091,0.0,0.0
1995_Denmark,Denmark,1995,237.984,3.27,0.084,0.0,0.0
1996_Denmark,Denmark,1996,283.547,3.408,0.054,0.0,0.0
1997_Denmark,Denmark,1997,254.107,5.373,0.053,0.001,0.0
1998_Denmark,Denmark,1998,241.829,7.833,0.076,0.001,0.0
1999_Denmark,Denmark,1999,232.789,8.414,0.085,0.002,0.0
2000_Denmark,Denmark,2000,219.737,11.781,0.084,0.003,0.0
2001_Denmark,Denmark,2001,219.657,11.884,0.076,0.003,0.0
2002_Denmark,Denmark,2002,216.426,13.372,0.087,0.004,0.0
2003_Denmark,Denmark,2003,231.081,15.15,0.058,0.004,0.0
2004_Denmark,Denmark,2004,213.308,17.821,0.072,0.005,0.0
2005_Denmark,Denmark,2005,204.203,17.791,0.061,0.006,0.0
2006_Denmark,Denmark,2006,229.538,16.326,0.063,0.006,0.0
2007_Denmark,Denmark,2007,213.377,19.049,0.075,0.007,0.0
2008_Denmark,Denmark,2008,204.944,18.288,0.068,0.007,0.0
2009_Denmark,Denmark,2009,191.257,17.631,0.05,0.01,0.0
2010_Denmark,Denmark,2010,195.923,20.362,0.054,0.016,0.0
2011_Denmark,Denmark,2011,177.454,25.329,0.044,0.039,0.0
2012_Denmark,Denmark,2012,158.7,26.453,0.045,0.268,0.0
2013_Denmark,Denmark,2013,164.943,28.478,0.034,1.325,0.0
2014_Denmark,Denmark,2014,152.879,33.284,0.038,1.516,0.0
2015_Denmark,Denmark,2015,143.627,35.753,0.046,1.529,0.0
2016_Denmark,Denmark,2016,146.885,32.143,0.048,1.87,0.0
2017_Denmark,Denmark,2017,139.555,36.95,0.045,1.879,0.0
2018_Denmark,Denmark,2018,139.99,34.544,0.037,2.369,0.0
2019_Denmark,Denmark,2019,132.452,39.991,0.042,2.385,0.0
2007_Ecuador,Ecuador,2007,107.971,0.003,24.006,0.0,0.0
2008_Ecuador,Ecuador,2008,110.588,0.007,29.812,0.0,0.0
2009_Ecuador,Ecuador,2009,113.272,0.008,24.202,0.0,0.0
2010_Ecuador,Ecuador,2010,130.315,0.009,22.518,0.0,0.0
2011_Ecuador,Ecuador,2011,132.88,0.009,28.851,0.0,0.0
2012_Ecuador,Ecuador,2012,139.239,0.006,31.521,0.001,0.0
2013_Ecuador,Ecuador,2013,148.1,0.145,28.262,0.009,0.0
2014_Ecuador,Ecuador,2014,155.736,0.203,29.159,0.042,0.0
2015_Ecuador,Ecuador,2015,150.761,0.25,33.13,0.091,0.0
2016_Ecuador,Ecuador,2016,142.765,0.211,39.819,0.097,0.0
2017_Ecuador,Ecuador,2017,139.217,0.184,50.222,0.094,0.0
2018_Ecuador,Ecuador,2018,148.742,0.199,51.393,0.095,0.0
2019_Ecuador,Ecuador,2019,143.647,0.212,61.074,0.412,0.0
1999_Egypt,Egypt,1999,496.014,0.033,37.335,0.0,0.0
2000_Egypt,Egypt,2000,525.83,0.224,39.383,0.001,0.0
2001_Egypt,Egypt,2001,555.354,0.494,39.778,0.002,0.0
2002_Egypt,Egypt,2002,565.768,0.583,38.372,0.003,0.0
2003_Egypt,Egypt,2003,605.183,0.779,35.251,0.003,0.0
2004_Egypt,Egypt,2004,635.097,1.364,34.735,0.003,0.0
2005_Egypt,Egypt,2005,668.968,1.372,34.011,0.003,0.0
2006_Egypt,Egypt,2006,703.455,1.617,34.172,0.003,0.0
2007_Egypt,Egypt,2007,743.228,1.76,37.765,0.003,0.0
2008_Egypt,Egypt,2008,791.668,2.454,39.85,0.004,0.0
2009_Egypt,Egypt,2009,828.129,2.721,36.132,0.006,0.0
2010_Egypt,Egypt,2010,874.337,3.674,33.777,0.066,0.0
2011_Egypt,Egypt,2011,887.834,4.265,33.663,0.243,0.0
2012_Egypt,Egypt,2012,934.931,4.591,33.556,0.15,0.0
2013_Egypt,Egypt,2013,928.149,3.95,33.889,0.151,0.0
2014_Egypt,Egypt,2014,926.082,2.866,34.578,0.106,0.0
2015_Egypt,Egypt,2015,947.292,4.734,34.616,0.165,0.0
2016_Egypt,Egypt,2016,998.237,6.352,33.956,0.263,0.0
2017_Egypt,Egypt,2017,1028.259,5.275,32.803,1.505,0.0
2018_Egypt,Egypt,2018,1046.163,5.045,33.217,3.754,0.0
2019_Egypt,Egypt,2019,1030.296,6.913,33.159,9.105,0.0
2002_Estonia,Estonia,2002,55.594,0.004,0.016,0.0,0.0
2003_Estonia,Estonia,2003,60.392,0.017,0.035,0.0,0.0
2004_Estonia,Estonia,2004,63.074,0.021,0.06,0.0,0.0
2005_Estonia,Estonia,2005,61.98,0.145,0.059,0.0,0.0
2006_Estonia,Estonia,2006,60.945,0.204,0.037,0.0,0.0
2007_Estonia,Estonia,2007,69.08,0.242,0.058,0.0,0.0
2008_Estonia,Estonia,2008,65.808,0.351,0.074,0.0,0.0
2009_Estonia,Estonia,2009,57.54,0.512,0.084,0.0,0.0
2010_Estonia,Estonia,2010,68.475,0.722,0.07,0.0,0.0
2011_Estonia,Estonia,2011,70.33,0.954,0.078,0.001,0.0
2012_Estonia,Estonia,2012,70.429,1.118,0.108,0.001,0.0
2013_Estonia,Estonia,2013,73.713,1.354,0.067,0.004,0.0
2014_Estonia,Estonia,2014,71.405,1.537,0.068,0.008,0.0
2015_Estonia,Estonia,2015,66.145,1.809,0.068,0.015,0.0
2016_Estonia,Estonia,2016,66.621,1.494,0.088,0.025,0.0
2017_Estonia,Estonia,2017,71.716,1.808,0.065,0.032,0.0
2018_Estonia,Estonia,2018,77.489,1.581,0.037,0.053,0.0
2019_Estonia,Estonia,2019,61.261,1.678,0.04,0.178,0.0
1990_Finland,Finland,1990,222.265,0.0,30.168,0.001,0.0
1991_Finland,Finland,1991,221.888,0.002,36.661,0.001,0.0
1992_Finland,Finland,1992,215.52,0.007,41.967,0.002,0.0
1993_Finland,Finland,1993,219.28,0.012,37.427,0.002,0.0
1994_Finland,Finland,1994,241.056,0.02,32.722,0.002,0.0
1995_Finland,Finland,1995,221.636,0.03,35.881,0.002,0.0
1996_Finland,Finland,1996,240.882,0.031,32.839,0.003,0.0
1997_Finland,Finland,1997,234.465,0.046,33.095,0.003,0.0
1998_Finland,Finland,1998,231.497,0.064,41.461,0.004,0.0
1999_Finland,Finland,1999,230.647,0.136,35.204,0.004,0.0
2000_Finland,Finland,2000,228.481,0.213,40.552,0.004,0.0
2001_Finland,Finland,2001,241.514,0.192,36.289,0.005,0.0
2002_Finland,Finland,2002,251.935,0.173,29.422,0.005,0.008
2003_Finland,Finland,2003,280.233,0.25,26.019,0.006,0.047
2004_Finland,Finland,2004,259.563,0.326,40.646,0.006,0.055
2005_Finland,Finland,2005,229.474,0.453,36.484,0.007,0.0
2006_Finland,Finland,2006,258.718,0.408,30.545,0.009,0.008
2007_Finland,Finland,2007,252.02,0.5,37.538,0.01,0.016
2008_Finland,Finland,2008,230.581,0.688,45.088,0.01,0.899
2009_Finland,Finland,2009,218.712,0.726,33.318,0.011,1.495
2010_Finland,Finland,2010,244.803,0.767,33.561,0.012,1.489
2011_Finland,Finland,2011,218.479,1.248,32.14,0.014,2.206
2012_Finland,Finland,2012,197.574,1.273,43.364,0.015,2.194
2013_Finland,Finland,2013,206.101,1.981,32.772,0.017,2.411
2014_Finland,Finland,2014,190.221,2.818,34.036,0.02,5.092
2015_Finland,Finland,2015,178.491,5.888,42.378,0.029,5.085
2016_Finland,Finland,2016,190.853,7.715,39.714,0.056,1.873
2017_Finland,Finland,2017,179.242,11.988,36.894,0.121,4.09
2018_Finland,Finland,2018,182.693,14.511,32.651,0.224,3.898
2019_Finland,Finland,2019,168.415,14.821,30.424,0.441,3.845
1990_France,France,1990,1601.256,0.001,149.628,0.0,0.0
1991_France,France,1991,1707.942,0.001,160.006,0.0,0.0
1992_France,France,1992,1677.706,0.001,191.545,0.004,0.076
1993_France,France,1993,1606.062,0.007,180.264,0.005,0.378
1994_France,France,1994,1551.728,0.013,218.872,0.005,1.11
1995_France,France,1995,1585.172,0.013,203.108,0.006,1.754
1996_France,France,1996,1654.884,0.021,183.456,0.007,2.63
1997_France,France,1997,1624.683,0.031,177.122,0.009,3.443
1998_France,France,1998,1718.93,0.054,172.481,0.011,2.967
1999_France,France,1999,1722.831,0.103,201.428,0.013,3.091
2000_France,France,2000,1719.708,0.133,184.342,0.015,3.688
2001_France,France,2001,1725.441,0.362,204.961,0.017,3.736
2002_France,France,2002,1697.535,0.727,165.605,0.019,3.917
2003_France,France,2003,1730.17,1.057,160.582,0.021,3.596
2004_France,France,2004,1742.167,1.611,161.216,0.023,3.922
2005_France,France,2005,1742.59,2.588,138.475,0.028,6.649
2006_France,France,2006,1711.232,5.832,150.496,0.032,8.066
2007_France,France,2007,1675.237,10.811,153.011,0.048,16.244
2008_France,France,2008,1661.717,15.031,168.031,0.111,26.356
2009_France,France,2009,1587.678,20.757,149.521,0.456,28.157
2010_France,France,2010,1609.976,25.93,163.518,1.617,27.6
2011_France,France,2011,1503.615,31.232,116.074,5.385,27.254
2012_France,France,2012,1500.94,38.412,151.11,10.344,29.814
2013_France,France,2013,1501.535,41.048,181.05,12.123,30.356
2014_France,France,2014,1364.758,43.897,159.897,15.048,32.721
2015_France,France,2015,1390.726,53.755,137.73,18.371,33.013
2016_France,France,2016,1419.87,53.817,150.996,20.521,33.208
2017_France,France,2017,1438.369,60.793,123.054,22.907,33.478
2018_France,France,2018,1404.82,69.801,158.89,25.645,33.116
2019_France,France,2019,1384.094,85.38,144.905,29.044,34.603
1986_Germany,Germany,1986,3824.401,0.003,51.589,0.0,0.0
1987_Germany,Germany,1987,3824.259,0.006,56.508,0.0,0.0
1988_Germany,Germany,1988,3796.163,0.022,55.776,0.0,0.0
1989_Germany,Germany,1989,3741.841,0.072,50.677,0.0,0.0
1990_Germany,Germany,1990,3703.87,0.197,48.153,0.003,0.0
1991_Germany,Germany,1991,3620.406,0.278,44.028,0.003,0.0
1992_Germany,Germany,1992,3497.783,0.764,51.764,0.011,0.051
1993_Germany,Germany,1993,3492.763,1.667,52.667,0.008,0.051
1994_Germany,Germany,1994,3456.354,2.525,56.097,0.019,0.288
1995_Germany,Germany,1995,3462.445,4.167,59.878,0.019,0.359
1996_Germany,Germany,1996,3578.193,5.644,52.272,0.033,0.565
1997_Germany,Germany,1997,3496.782,8.239,52.644,0.05,0.924
1998_Germany,Germany,1998,3481.883,12.469,52.783,0.097,1.026
1999_Germany,Germany,1999,3392.882,15.356,57.461,0.083,1.336
2000_Germany,Germany,2000,3391.779,26.425,69.074,0.167,2.569
2001_Germany,Germany,2001,3460.384,29.002,64.139,0.21,3.597
2002_Germany,Germany,2002,3408.059,43.284,64.879,0.444,5.652
2003_Germany,Germany,2003,3405.059,50.981,48.281,0.853,8.099
2004_Germany,Germany,2004,3366.813,69.053,54.4,1.508,10.822
2005_Germany,Germany,2005,3308.258,73.243,52.826,3.448,20.039
2006_Germany,Germany,2006,3360.62,82.087,53.482,5.934,32.012
2007_Germany,Germany,2007,3214.11,105.488,56.23,8.168,36.338
2008_Germany,Germany,2008,3225.886,107.105,53.964,11.668,31.971
2009_Germany,Germany,2009,3018.434,101.391,49.927,17.27,31.885
2010_Germany,Germany,2010,3134.531,100.506,54.632,30.582,32.021
2011_Germany,Germany,2011,3032.672,129.203,45.797,50.79,33.355
2012_Germany,Germany,2012,3052.566,133.115,56.899,67.949,35.513
2013_Germany,Germany,2013,3147.407,135.02,58.88,79.393,31.81
2014_Germany,Germany,2014,2963.166,148.87,49.847,91.759,33.34
2015_Germany,Germany,2015,2981.137,203.96,48.008,97.968,31.267
2016_Germany,Germany,2016,3062.104,200.992,51.67,95.809,31.334
2017_Germany,Germany,2017,3065.36,264.233,50.375,98.503,31.871
2018_Germany,Germany,2018,2952.43,273.27,44.675,113.791,33.213
2019_Germany,Germany,2019,2825.9,311.942,50.001,117.662,33.259
1987_Greece,Greece,1987,233.857,0.003,7.722,0.0,0.0
1988_Greece,Greece,1988,248.602,0.003,6.572,0.0,0.0
1989_Greece,Greece,1989,271.449,0.003,5.278,0.0,0.0
1990_Greece,Greece,1990,286.49,0.006,4.914,0.0,0.0
1991_Greece,Greece,1991,285.071,0.006,8.608,0.0,0.0
1992_Greece,Greece,1992,291.923,0.022,6.119,0.0,0.0
1993_Greece,Greece,1993,296.259,0.131,6.339,0.0,0.0
1994_Greece,Greece,1994,300.695,0.103,7.219,0.0,0.0
1995_Greece,Greece,1995,309.225,0.094,9.803,0.0,0.0
1996_Greece,Greece,1996,315.616,0.1,12.078,0.0,0.0
1997_Greece,Greece,1997,325.907,0.103,10.783,0.0,0.0
1998_Greece,Greece,1998,347.288,0.203,10.325,0.0,0.0
1999_Greece,Greece,1999,344.014,0.45,12.756,0.0,0.0
2000_Greece,Greece,2000,365.205,1.253,10.258,0.0,0.0
2001_Greece,Greece,2001,372.273,2.086,5.787,0.0,0.0
2002_Greece,Greece,2002,372.126,1.785,7.677,0.0,0.0
2003_Greece,Greece,2003,385.401,2.782,12.984,0.0,0.0
2004_Greece,Greece,2004,386.082,3.035,12.647,0.003,0.0
2005_Greece,Greece,2005,387.129,3.405,13.495,0.003,0.0
2006_Greece,Greece,2006,396.893,4.541,15.677,0.003,0.0
2007_Greece,Greece,2007,412.857,4.829,6.882,0.003,0.0
2008_Greece,Greece,2008,394.938,5.918,8.743,0.013,0.0
2009_Greece,Greece,2009,375.129,6.671,14.098,0.131,0.0
2010_Greece,Greece,2010,349.4,7.076,19.451,0.412,0.0
2011_Greece,Greece,2011,346.312,8.591,10.394,1.581,0.0
2012_Greece,Greece,2012,321.107,9.917,11.341,4.363,0.0
2013_Greece,Greece,2013,291.783,10.597,16.247,9.34,0.0
2014_Greece,Greece,2014,278.031,9.388,11.391,9.65,0.0
2015_Greece,Greece,2015,273.436,11.69,15.427,9.866,0.0
2016_Greece,Greece,2016,268.365,12.941,13.94,9.883,0.0
2017_Greece,Greece,2017,287.778,13.842,9.906,9.979,0.0
2018_Greece,Greece,2018,280.472,15.659,14.275,9.421,0.0
2019_Greece,Greece,2019,277.692,18.023,9.918,9.805,0.0
2010_Hong Kong,Hong Kong,2010,321.004,0.003,0.0,0.001,0.0
2011_Hong Kong,Hong Kong,2011,328.88,0.002,0.0,0.002,0.0
2012_Hong Kong,Hong Kong,2012,316.295,0.003,0.0,0.002,0.0
2013_Hong Kong,Hong Kong,2013,324.769,0.002,0.0,0.003,0.0
2014_Hong Kong,Hong Kong,2014,317.337,0.002,0.0,0.003,0.0
2015_Hong Kong,Hong Kong,2015,326.24,0.002,0.0,0.003,0.0
2016_Hong Kong,Hong Kong,2016,334.841,0.001,0.0,0.002,0.0
2017_Hong Kong,Hong Kong,2017,359.137,0.005,0.0,0.002,0.0
2018_Hong Kong,Hong Kong,2018,361.394,0.004,0.0,0.002,0.0
2019_Hong Kong,Hong Kong,2019,344.471,0.004,0.0,0.002,0.0
2001_Hungary,Hungary,2001,248.105,0.003,0.513,0.0,0.0
2002_Hungary,Hungary,2002,244.757,0.003,0.532,0.0,0.0
2003_Hungary,Hungary,2003,254.657,0.011,0.466,0.0,0.0
2004_Hungary,Hungary,2004,252.826,0.016,0.555,0.0,0.0
2005_Hungary,Hungary,2005,264.978,0.027,0.543,0.0,0.0
2006_Hungary,Hungary,2006,262.593,0.115,0.497,0.0,0.0
2007_Hungary,Hungary,2007,254.107,0.292,0.558,0.0,0.0
2008_Hungary,Hungary,2008,246.735,0.541,0.562,0.003,0.0
2009_Hungary,Hungary,2009,219.582,0.868,0.598,0.003,0.0
2010_Hungary,Hungary,2010,224.2,1.374,0.49,0.003,0.0
2011_Hungary,Hungary,2011,224.259,1.622,0.575,0.003,0.0
2012_Hungary,Hungary,2012,204.831,1.986,0.549,0.021,0.0
2013_Hungary,Hungary,2013,193.445,1.838,0.545,0.064,0.0
2014_Hungary,Hungary,2014,192.103,1.671,0.766,0.171,0.0
2015_Hungary,Hungary,2015,204.052,1.753,0.592,0.357,0.0
2016_Hungary,Hungary,2016,207.829,1.72,0.651,0.614,0.0
2017_Hungary,Hungary,2017,220.42,1.895,0.55,0.873,0.0
2018_Hungary,Hungary,2018,222.49,1.509,0.552,1.541,0.0
2019_Hungary,Hungary,2019,222.441,1.798,0.545,3.427,0.0
2013_Iceland,Iceland,2013,9.903,0.014,32.932,0.0,0.0
2014_Iceland,Iceland,2014,10.068,0.021,32.761,0.0,0.0
2015_Iceland,Iceland,2015,11.0,0.028,34.862,0.0,0.0
2016_Iceland,Iceland,2016,12.183,0.023,33.873,0.0,0.0
2017_Iceland,Iceland,2017,13.438,0.02,35.147,0.0,0.0
2018_Iceland,Iceland,2018,14.183,0.011,34.33,0.0,0.0
2019_Iceland,Iceland,2019,12.561,0.016,33.325,0.0,0.0
1990_India,India,1990,2085.491,0.084,184.436,0.0,0.0
1991_India,India,1991,2191.785,0.314,205.33,0.0,0.0
1992_India,India,1992,2324.432,0.246,194.613,0.0,0.0
1993_India,India,1993,2385.926,0.263,196.479,0.0,0.0
1994_India,India,1994,2500.928,0.531,222.812,0.0,0.0
1995_India,India,1995,2710.233,1.379,210.891,0.003,0.0
1996_India,India,1996,2845.009,2.44,191.827,0.017,0.0
1997_India,India,1997,3006.713,2.744,195.031,0.017,0.0
1998_India,India,1998,3159.684,2.997,232.313,0.017,0.0
1999_India,India,1999,3249.983,4.017,228.471,0.017,0.0
2000_India,India,2000,3438.942,4.394,213.862,0.02,0.288
2001_India,India,2001,3462.548,5.754,198.765,0.031,0.333
2002_India,India,2002,3643.887,5.717,187.946,0.036,0.311
2003_India,India,2003,3793.599,7.096,188.788,0.044,0.335
2004_India,India,2004,3988.063,14.145,272.423,0.049,0.384
2005_India,India,2005,4263.618,16.115,262.048,0.049,0.444
2006_India,India,2006,4447.593,24.958,301.021,0.019,0.508
2007_India,India,2007,4833.655,31.032,325.691,0.157,0.525
2008_India,India,2008,5149.306,37.955,304.018,0.166,0.692
2009_India,India,2009,5582.255,42.686,278.973,0.197,0.219
2010_India,India,2010,5833.073,50.73,283.535,0.295,0.113
2011_India,India,2011,6099.206,62.072,341.308,2.143,0.819
2012_India,India,2012,6464.328,70.66,298.212,5.407,0.637
2013_India,India,2013,6676.501,76.826,337.909,8.789,0.75
2014_India,India,2014,7136.279,85.14,353.733,12.493,0.644
2015_India,India,2015,7391.897,82.828,337.173,16.611,1.168
2016_India,India,2016,7731.248,109.275,322.853,29.061,1.919
2017_India,India,2017,8021.763,131.562,339.625,53.861,1.181
2018_India,India,2018,8499.809,149.896,347.039,90.297,1.302
2019_India,India,2019,8612.962,156.78,400.77,114.569,1.295
2006_Indonesia,Indonesia,2006,1413.781,0.0,25.722,0.0,0.019
2007_Indonesia,Indonesia,2007,1514.894,0.0,29.978,0.0,0.412
2008_Indonesia,Indonesia,2008,1490.961,0.001,30.432,0.0,0.376
2009_Indonesia,Indonesia,2009,1543.179,0.01,29.865,0.0,1.875
2010_Indonesia,Indonesia,2010,1683.84,0.009,45.515,0.001,2.039
2011_Indonesia,Indonesia,2011,1856.241,0.012,32.183,0.002,3.283
2012_Indonesia,Indonesia,2012,1955.309,0.012,32.967,0.008,6.117
2013_Indonesia,Indonesia,2013,2025.581,0.0,43.326,0.014,9.583
2014_Indonesia,Indonesia,2014,1888.559,0.0,38.584,0.017,16.87
2015_Indonesia,Indonesia,2015,1903.847,0.009,34.76,0.013,8.366
2016_Indonesia,Indonesia,2016,1925.585,0.014,46.969,0.053,27.504
2017_Indonesia,Indonesia,2017,2000.617,0.0,46.581,0.073,23.517
2018_Indonesia,Indonesia,2018,2172.531,0.467,41.822,0.05,34.243
2019_Indonesia,Indonesia,2019,2324.602,0.465,42.077,0.157,69.168
1999_Iran,Iran,1999,1346.754,0.097,14.286,0.0,0.0
2000_Iran,Iran,2000,1419.478,0.101,10.503,0.0,0.0
2001_Iran,Iran,2001,1497.339,0.093,11.376,0.0,0.0
2002_Iran,Iran,2002,1618.358,0.083,21.968,0.0,0.0
2003_Iran,Iran,2003,1649.985,0.075,26.121,0.0,0.0
2004_Iran,Iran,2004,1805.48,0.125,32.303,0.0,0.0
2005_Iran,Iran,2005,1932.061,0.191,38.863,0.0,0.0
2006_Iran,Iran,2006,2104.03,0.335,49.474,0.0,0.0
2007_Iran,Iran,2007,2257.263,0.374,47.704,0.0,0.0
2008_Iran,Iran,2008,2374.179,0.517,19.634,0.001,0.0
2009_Iran,Iran,2009,2455.93,0.593,17.638,0.001,0.0
2010_Iran,Iran,2010,2454.722,0.545,26.731,0.002,0.0
2011_Iran,Iran,2011,2565.163,0.553,27.687,0.002,0.0
2012_Iran,Iran,2012,2577.415,0.526,32.202,0.002,0.0
2013_Iran,Iran,2013,2687.467,0.541,37.441,0.002,0.0
2014_Iran,Iran,2014,2807.6,0.503,36.911,0.002,0.0
2015_Iran,Iran,2015,2795.392,0.613,33.524,0.004,0.0
2016_Iran,Iran,2016,2942.225,0.665,38.783,0.013,0.0
2017_Iran,Iran,2017,3078.741,0.766,43.08,0.215,0.0
2018_Iran,Iran,2018,3239.812,0.829,28.312,0.331,0.0
2019_Iran,Iran,2019,3339.902,0.885,71.719,0.423,0.0
2013_Iraq,Iraq,2013,476.763,0.0,11.799,0.119,0.0
2014_Iraq,Iraq,2014,460.224,0.0,7.215,0.146,0.0
2015_Iraq,Iraq,2015,459.703,0.0,6.441,0.145,0.0
2016_Iraq,Iraq,2016,530.408,0.0,8.478,0.144,0.0
2017_Iraq,Iraq,2017,525.657,0.0,5.44,0.143,0.0
2018_Iraq,Iraq,2018,552.205,0.0,4.518,0.142,0.0
2019_Iraq,Iraq,2019,612.215,0.0,6.136,0.142,0.0
1992_Ireland,Ireland,1992,119.655,0.014,2.269,0.0,0.0
1993_Ireland,Ireland,1993,122.432,0.042,2.125,0.0,0.0
1994_Ireland,Ireland,1994,126.91,0.053,2.556,0.0,0.0
1995_Ireland,Ireland,1995,130.052,0.044,1.981,0.0,0.0
1996_Ireland,Ireland,1996,137.553,0.039,2.006,0.0,0.0
1997_Ireland,Ireland,1997,143.525,0.139,1.883,0.0,0.0
1998_Ireland,Ireland,1998,153.535,0.47,2.544,0.0,0.0
1999_Ireland,Ireland,1999,162.742,0.52,2.35,0.0,0.0
2000_Ireland,Ireland,2000,169.213,0.678,2.35,0.0,0.0
2001_Ireland,Ireland,2001,180.033,0.922,1.645,0.0,0.0
2002_Ireland,Ireland,2002,177.832,1.064,2.501,0.0,0.0
2003_Ireland,Ireland,2003,173.824,1.237,1.629,0.0,0.0
2004_Ireland,Ireland,2004,175.476,1.773,1.705,0.0,0.0
2005_Ireland,Ireland,2005,182.05,2.991,1.698,0.0,0.0
2006_Ireland,Ireland,2006,184.354,4.336,1.936,0.0,0.0
2007_Ireland,Ireland,2007,189.228,5.203,1.771,0.0,0.0
2008_Ireland,Ireland,2008,185.888,6.363,2.556,0.0,0.0
2009_Ireland,Ireland,2009,167.193,7.754,2.366,0.001,0.0
2010_Ireland,Ireland,2010,167.613,7.34,1.562,0.001,0.0
2011_Ireland,Ireland,2011,154.085,11.353,1.831,0.001,0.0
2012_Ireland,Ireland,2012,152.73,10.332,2.067,0.002,0.0
2013_Ireland,Ireland,2013,148.385,11.629,1.535,0.002,0.0
2014_Ireland,Ireland,2014,145.984,13.083,1.803,0.002,0.0
2015_Ireland,Ireland,2015,152.059,16.631,2.04,0.004,0.0
2016_Ireland,Ireland,2016,160.056,15.463,1.713,0.013,0.0
2017_Ireland,Ireland,2017,156.87,18.612,1.729,0.027,0.0
2018_Ireland,Ireland,2018,157.688,21.473,1.725,0.041,0.0
2019_Ireland,Ireland,2019,153.732,23.997,2.195,0.062,0.0
2001_Israel,Israel,2001,232.563,0.028,0.028,0.0,0.0
2002_Israel,Israel,2002,235.88,0.03,0.058,0.0,0.0
2003_Israel,Israel,2003,242.429,0.033,0.084,0.0,0.0
2004_Israel,Israel,2004,245.382,0.03,0.076,0.0,0.0
2005_Israel,Israel,2005,253.346,0.03,0.075,0.0,0.0
2006_Israel,Israel,2006,253.141,0.027,0.04,0.0,0.0
2007_Israel,Israel,2007,267.096,0.027,0.037,0.0,0.0
2008_Israel,Israel,2008,271.305,0.024,0.042,0.0,0.0
2009_Israel,Israel,2009,259.632,0.024,0.063,0.063,0.0
2010_Israel,Israel,2010,275.032,0.021,0.081,0.183,0.0
2011_Israel,Israel,2011,281.18,0.018,0.075,0.498,0.0
2012_Israel,Israel,2012,293.194,0.015,0.085,0.95,0.0
2013_Israel,Israel,2013,271.903,0.015,0.071,1.265,0.0
2014_Israel,Israel,2014,266.349,0.015,0.032,2.139,0.0
2015_Israel,Israel,2015,280.265,0.017,0.062,2.935,0.0
2016_Israel,Israel,2016,283.943,0.116,0.044,3.836,0.0
2017_Israel,Israel,2017,297.039,0.118,0.045,3.777,0.0
2018_Israel,Israel,2018,297.284,0.16,0.057,3.911,0.0
2019_Israel,Israel,2019,305.526,0.16,0.057,6.734,0.0
1989_Italy,Italy,1989,1714.71,0.006,94.603,0.006,0.0
1990_Italy,Italy,1990,1729.321,0.005,87.85,0.011,0.0
1991_Italy,Italy,1991,1741.091,0.008,117.331,0.014,0.0
1992_Italy,Italy,1992,1739.211,0.005,117.222,0.025,0.0
1993_Italy,Italy,1993,1710.858,0.011,115.07,0.031,0.0
1994_Italy,Italy,1994,1699.099,0.019,124.05,0.031,0.0
1995_Italy,Italy,1995,1793.325,0.024,104.95,0.036,0.0
1996_Italy,Italy,1996,1782.7,0.088,116.77,0.039,0.0
1997_Italy,Italy,1997,1809.559,0.328,115.564,0.042,0.0
1998_Italy,Italy,1998,1860.346,0.644,114.5,0.044,0.0
1999_Italy,Italy,1999,1909.651,1.119,126.014,0.047,0.0
2000_Italy,Italy,2000,1939.972,1.564,122.778,0.05,0.0
2001_Italy,Italy,2001,1942.017,3.254,129.186,0.052,0.0
2002_Italy,Italy,2002,1942.758,3.85,108.359,0.058,0.0
2003_Italy,Italy,2003,2015.524,3.972,99.902,0.065,0.0
2004_Italy,Italy,2004,2033.519,5.0,114.609,0.079,2.754
2005_Italy,Italy,2005,2052.189,6.302,97.016,0.083,1.933
2006_Italy,Italy,2006,2036.617,7.941,98.883,0.094,2.178
2007_Italy,Italy,2007,2004.721,10.715,87.165,0.104,1.977
2008_Italy,Italy,2008,1942.317,12.832,109.874,0.509,8.016
2009_Italy,Italy,2009,1769.473,17.165,128.912,1.776,12.928
2010_Italy,Italy,2010,1806.89,23.795,133.281,4.969,15.921
2011_Italy,Italy,2011,1745.745,25.543,118.749,27.977,15.721
2012_Italy,Italy,2012,1667.519,34.533,107.86,48.583,17.545
2013_Italy,Italy,2013,1530.118,38.14,135.114,55.272,14.723
2014_Italy,Italy,2014,1411.109,38.627,148.992,56.768,12.551
2015_Italy,Italy,2015,1481.703,37.552,111.576,58.038,15.498
2016_Italy,Italy,2016,1503.792,44.483,102.118,55.588,15.417
2017_Italy,Italy,2017,1533.07,44.355,85.932,60.944,15.626
2018_Italy,Italy,2018,1517.578,44.032,116.987,56.303,15.995
2019_Italy,Italy,2019,1482.024,49.68,111.776,60.236,9.176
1990_Japan,Japan,1990,4355.192,0.0,241.375,0.003,0.0
1991_Japan,Japan,1991,4421.627,0.0,262.267,0.003,0.0
1992_Japan,Japan,1992,4503.506,0.0,222.35,0.029,0.0
1993_Japan,Japan,1993,4459.677,0.003,257.167,0.063,0.0
1994_Japan,Japan,1994,4712.877,0.003,179.061,0.081,0.0
1995_Japan,Japan,1995,4812.875,0.003,218.87,0.11,0.0
1996_Japan,Japan,1996,4899.555,0.005,214.37,0.151,0.0
1997_Japan,Japan,1997,4912.09,0.003,240.111,0.268,0.0
1998_Japan,Japan,1998,4758.303,0.02,247.442,0.398,0.0
1999_Japan,Japan,1999,4901.134,0.101,232.756,0.606,0.0
2000_Japan,Japan,2000,4961.77,0.303,234.634,0.956,0.0
2001_Japan,Japan,2001,4913.257,0.695,225.021,1.379,0.0
2002_Japan,Japan,2002,4918.99,1.132,221.0,1.905,0.0
2003_Japan,Japan,2003,5094.962,2.267,251.927,2.599,0.0
2004_Japan,Japan,2004,5021.134,3.898,248.143,3.442,0.0
2005_Japan,Japan,2005,5142.846,5.138,208.631,4.385,0.0
2006_Japan,Japan,2006,5069.777,5.707,237.377,5.334,0.0
2007_Japan,Japan,2007,5115.193,7.278,197.917,6.142,0.0
2008_Japan,Japan,2008,5108.512,7.774,198.415,6.847,0.0
2009_Japan,Japan,2009,4533.407,8.991,184.865,7.99,0.0
2010_Japan,Japan,2010,4796.607,10.236,230.759,10.381,0.0
2011_Japan,Japan,2011,4853.726,11.555,213.762,14.095,0.0
2012_Japan,Japan,2012,5198.311,12.177,198.591,18.988,0.0
2013_Japan,Japan,2013,5136.163,13.142,203.108,33.05,0.0
2014_Japan,Japan,2014,5000.09,12.76,207.941,59.928,0.0
2015_Japan,Japan,2015,4863.212,13.212,216.965,87.378,0.0
2016_Japan,Japan,2016,4772.839,15.337,186.283,108.955,0.0
2017_Japan,Japan,2017,4766.34,15.684,198.11,135.604,0.0
2018_Japan,Japan,2018,4664.021,18.278,201.308,164.173,0.0
2019_Japan,Japan,2019,4536.13,21.345,183.059,186.396,0.0
2012_Kazakhstan,Kazakhstan,2012,709.042,0.007,19.672,0.0,0.0
2013_Kazakhstan,Kazakhstan,2013,717.908,0.012,19.793,0.002,0.0
2014_Kazakhstan,Kazakhstan,2014,727.549,0.034,21.028,0.003,0.0
2015_Kazakhstan,Kazakhstan,2015,715.427,0.333,23.449,0.117,0.0
2016_Kazakhstan,Kazakhstan,2016,720.917,0.692,29.224,0.222,0.0
2017_Kazakhstan,Kazakhstan,2017,764.483,0.849,28.025,0.232,0.0
2018_Kazakhstan,Kazakhstan,2018,848.52,0.958,25.789,0.351,0.0
2019_Kazakhstan,Kazakhstan,2019,834.317,1.228,24.729,0.72,0.0
2017_Kuwait,Kuwait,2017,438.028,0.044,0.0,0.122,0.0
2018_Kuwait,Kuwait,2018,436.439,0.044,0.0,0.163,0.0
2019_Kuwait,Kuwait,2019,454.495,0.043,0.0,0.352,0.0
1996_Latvia,Latvia,1996,35.962,0.003,5.167,0.0,0.0
1997_Latvia,Latvia,1997,33.034,0.006,8.203,0.0,0.0
1998_Latvia,Latvia,1998,32.694,0.006,11.989,0.0,0.0
1999_Latvia,Latvia,1999,30.436,0.006,7.658,0.0,0.0
2000_Latvia,Latvia,2000,29.404,0.014,7.831,0.0,0.0
2001_Latvia,Latvia,2001,32.329,0.008,7.818,0.0,0.0
2002_Latvia,Latvia,2002,33.773,0.03,6.756,0.0,0.0
2003_Latvia,Latvia,2003,33.738,0.131,6.173,0.0,0.0
2004_Latvia,Latvia,2004,36.342,0.133,8.416,0.0,0.0
2005_Latvia,Latvia,2005,37.144,0.126,8.947,0.0,0.0
2006_Latvia,Latvia,2006,36.571,0.123,7.212,0.0,0.0
2007_Latvia,Latvia,2007,37.901,0.141,7.26,0.0,0.0
2008_Latvia,Latvia,2008,37.181,0.153,8.207,0.0,0.0
2009_Latvia,Latvia,2009,33.844,0.126,9.069,0.0,0.0
2010_Latvia,Latvia,2010,39.246,0.128,9.178,0.0,0.0
2011_Latvia,Latvia,2011,35.509,0.184,7.482,0.001,0.0
2012_Latvia,Latvia,2012,34.314,0.278,9.53,0.001,0.0
2013_Latvia,Latvia,2013,34.148,0.305,7.455,0.001,0.0
2014_Latvia,Latvia,2014,32.653,0.257,5.075,0.001,0.0
2015_Latvia,Latvia,2015,33.563,0.372,4.726,0.001,0.0
2016_Latvia,Latvia,2016,34.591,0.327,6.36,0.001,0.0
2017_Latvia,Latvia,2017,33.796,0.375,10.952,0.001,0.0
2018_Latvia,Latvia,2018,34.098,0.303,6.043,0.003,0.0
2019_Latvia,Latvia,2019,35.677,0.383,5.219,0.0,0.0
2004_Lithuania,Lithuania,2004,59.972,0.003,1.138,0.0,0.0
2005_Lithuania,Lithuania,2005,63.72,0.005,1.212,0.0,0.0
2006_Lithuania,Lithuania,2006,64.428,0.037,1.061,0.0,0.0
2007_Lithuania,Lithuania,2007,68.999,0.282,1.117,0.0,0.0
2008_Lithuania,Lithuania,2008,67.993,0.346,1.061,0.0,0.0
2009_Lithuania,Lithuania,2009,57.625,0.414,1.113,0.0,0.0
2010_Lithuania,Lithuania,2010,62.612,0.584,1.408,0.0,0.0
2011_Lithuania,Lithuania,2011,64.589,1.231,1.244,0.0,0.0
2012_Lithuania,Lithuania,2012,64.509,1.391,1.088,0.006,0.0
2013_Lithuania,Lithuania,2013,58.344,1.543,1.334,0.115,0.0
2014_Lithuania,Lithuania,2014,56.103,1.626,1.013,0.186,0.0
2015_Lithuania,Lithuania,2015,58.345,2.05,0.884,0.185,0.0
2016_Lithuania,Lithuania,2016,58.565,2.857,1.141,0.167,0.0
2017_Lithuania,Lithuania,2017,60.992,3.41,1.506,0.166,0.0
2018_Lithuania,Lithuania,2018,63.244,2.846,1.118,0.199,0.0
2019_Lithuania,Lithuania,2019,62.286,3.613,0.857,0.223,0.0
1997_Luxembourg,Luxembourg,1997,33.85,0.008,0.231,0.0,0.0
1998_Luxembourg,Luxembourg,1998,32.561,0.031,0.319,0.0,0.0
1999_Luxembourg,Luxembourg,1999,34.495,0.05,0.236,0.0,0.0
2000_Luxembourg,Luxembourg,2000,36.694,0.069,0.343,0.0,0.0
2001_Luxembourg,Luxembourg,2001,39.368,0.066,0.326,0.0,0.0
2002_Luxembourg,Luxembourg,2002,43.133,0.067,0.273,0.0,0.0
2003_Luxembourg,Luxembourg,2003,45.285,0.071,0.216,0.004,0.0
2004_Luxembourg,Luxembourg,2004,51.204,0.107,0.282,0.025,0.0
2005_Luxembourg,Luxembourg,2005,51.939,0.141,0.25,0.048,0.0
2006_Luxembourg,Luxembourg,2006,50.909,0.155,0.298,0.056,0.0
2007_Luxembourg,Luxembourg,2007,48.843,0.171,0.31,0.056,0.0
2008_Luxembourg,Luxembourg,2008,48.435,0.16,0.349,0.053,0.0
2009_Luxembourg,Luxembourg,2009,46.341,0.167,0.278,0.053,0.0
2010_Luxembourg,Luxembourg,2010,48.863,0.144,0.281,0.055,0.0
2011_Luxembourg,Luxembourg,2011,47.574,0.166,0.163,0.067,0.0
2012_Luxembourg,Luxembourg,2012,46.515,0.2,0.253,0.099,0.0
2013_Luxembourg,Luxembourg,2013,44.014,0.213,0.305,0.189,0.0
2014_Luxembourg,Luxembourg,2014,42.34,0.203,0.274,0.241,0.0
2015_Luxembourg,Luxembourg,2015,40.873,0.258,0.251,0.262,0.0
2016_Luxembourg,Luxembourg,2016,40.176,0.255,0.29,0.252,0.0
2017_Luxembourg,Luxembourg,2017,41.357,0.587,0.214,0.271,0.0
2018_Luxembourg,Luxembourg,2018,43.11,0.633,0.231,0.298,0.0
2019_Luxembourg,Luxembourg,2019,43.886,0.661,0.263,0.298,0.0
2012_Malaysia,Malaysia,2012,1006.504,0.0,23.828,0.018,0.0
2013_Malaysia,Malaysia,2013,1048.004,0.0,30.208,0.361,0.0
2014_Malaysia,Malaysia,2014,1054.519,0.0,34.071,0.578,0.0
2015_Malaysia,Malaysia,2015,1067.692,0.0,35.224,0.691,0.0
2016_Malaysia,Malaysia,2016,1111.393,0.0,50.356,0.78,0.0
2017_Malaysia,Malaysia,2017,1112.613,0.0,67.115,0.825,0.0
2018_Malaysia,Malaysia,2018,1095.305,0.0,65.79,1.199,0.0
2019_Malaysia,Malaysia,2019,1108.253,0.0,66.97,1.965,0.0
1990_Mexico,Mexico,1990,1177.418,0.003,68.003,0.003,0.0
1991_Mexico,Mexico,1991,1226.221,0.003,62.848,0.006,0.0
1992_Mexico,Mexico,1992,1236.8,0.003,74.483,0.008,0.0
1993_Mexico,Mexico,1993,1240.875,0.003,74.042,0.011,0.0
1994_Mexico,Mexico,1994,1338.83,0.014,56.309,0.014,0.0
1995_Mexico,Mexico,1995,1283.753,0.019,76.663,0.014,0.0
1996_Mexico,Mexico,1996,1319.73,0.017,87.045,0.017,0.0
1997_Mexico,Mexico,1997,1352.035,0.033,73.228,0.017,0.0
1998_Mexico,Mexico,1998,1425.046,0.042,68.314,0.019,0.0
1999_Mexico,Mexico,1999,1420.0,0.047,90.868,0.019,0.0
2000_Mexico,Mexico,2000,1495.734,0.053,91.875,0.019,0.0
2001_Mexico,Mexico,2001,1488.39,0.05,78.474,0.022,0.0
2002_Mexico,Mexico,2002,1548.021,0.058,68.169,0.022,0.918
2003_Mexico,Mexico,2003,1571.816,0.052,54.085,0.022,0.905
2004_Mexico,Mexico,2004,1650.929,0.054,68.153,0.024,0.924
2005_Mexico,Mexico,2005,1751.339,0.051,74.535,0.024,1.024
2006_Mexico,Mexico,2006,1805.725,0.12,81.382,0.027,1.043
2007_Mexico,Mexico,2007,1823.536,0.659,72.621,0.024,1.005
2008_Mexico,Mexico,2008,1836.306,0.673,103.541,0.05,1.036
2009_Mexico,Mexico,2009,1852.331,1.565,70.104,0.071,1.124
2010_Mexico,Mexico,2010,1894.152,3.231,96.884,0.081,1.174
2011_Mexico,Mexico,2011,1983.096,4.272,93.994,0.106,1.086
2012_Mexico,Mexico,2012,2007.305,9.5,82.194,0.178,1.255
2013_Mexico,Mexico,2013,2016.594,10.713,71.741,0.271,1.255
2014_Mexico,Mexico,2014,1977.481,16.354,98.979,0.562,1.942
2015_Mexico,Mexico,2015,1984.575,22.123,78.148,0.622,2.06
2016_Mexico,Mexico,2016,2011.499,26.099,77.198,0.634,2.185
2017_Mexico,Mexico,2017,2035.174,26.549,79.619,2.966,2.31
2018_Mexico,Mexico,2018,2001.132,32.53,80.739,7.904,2.31
2019_Mexico,Mexico,2019,1961.967,43.578,58.91,30.802,2.341
2000_Morocco,Morocco,2000,115.151,0.178,1.994,0.0,0.0
2001_Morocco,Morocco,2001,123.768,0.568,2.38,0.0,0.0
2002_Morocco,Morocco,2002,127.038,0.532,2.309,0.0,0.0
2003_Morocco,Morocco,2003,125.651,0.553,3.928,0.0,0.0
2004_Morocco,Morocco,2004,143.366,0.538,4.308,0.0,0.0
2005_Morocco,Morocco,2005,157.734,0.555,2.595,0.0,0.0
2006_Morocco,Morocco,2006,161.042,0.49,2.626,0.0,0.0
2007_Morocco,Morocco,2007,159.466,0.741,2.396,0.0,0.0
2008_Morocco,Morocco,2008,176.278,0.787,2.417,0.0,0.0
2009_Morocco,Morocco,2009,167.05,1.026,6.738,0.0,0.0
2010_Morocco,Morocco,2010,183.009,1.718,9.042,0.0,0.0
2011_Morocco,Morocco,2011,196.694,1.794,5.197,0.0,0.0
2012_Morocco,Morocco,2012,201.169,1.875,4.201,0.0,0.0
2013_Morocco,Morocco,2013,202.314,3.11,7.13,0.0,0.0
2014_Morocco,Morocco,2014,206.634,4.896,4.167,0.0,0.0
2015_Morocco,Morocco,2015,208.22,6.373,4.769,0.014,0.0
2016_Morocco,Morocco,2016,210.017,7.545,3.158,1.01,0.0
2017_Morocco,Morocco,2017,220.636,7.587,2.962,1.038,0.0
2018_Morocco,Morocco,2018,223.883,9.546,4.209,2.361,0.0
2019_Morocco,Morocco,2019,244.938,11.636,3.127,3.916,0.0
1986_Netherlands,Netherlands,1986,849.901,0.003,0.008,0.0,0.0
1987_Netherlands,Netherlands,1987,869.095,0.006,0.003,0.0,0.0
1988_Netherlands,Netherlands,1988,871.224,0.044,0.006,0.0,0.0
1989_Netherlands,Netherlands,1989,874.004,0.064,0.103,0.0,0.0
1990_Netherlands,Netherlands,1990,898.243,0.156,0.236,0.0,0.0
1991_Netherlands,Netherlands,1991,915.656,0.244,0.289,0.0,0.0
1992_Netherlands,Netherlands,1992,925.143,0.408,0.333,0.003,0.0
1993_Netherlands,Netherlands,1993,932.22,0.483,0.256,0.003,0.0
1994_Netherlands,Netherlands,1994,921.556,0.661,0.278,0.0,0.0
1995_Netherlands,Netherlands,1995,959.114,0.881,0.244,0.003,0.0
1996_Netherlands,Netherlands,1996,999.572,1.214,0.222,0.006,0.0
1997_Netherlands,Netherlands,1997,985.666,1.319,0.256,0.006,0.0
1998_Netherlands,Netherlands,1998,987.823,1.778,0.312,0.01,0.0
1999_Netherlands,Netherlands,1999,975.017,1.792,0.251,0.015,0.0
2000_Netherlands,Netherlands,2000,986.378,2.303,0.396,0.021,0.0
2001_Netherlands,Netherlands,2001,1024.025,2.277,0.324,0.036,0.0
2002_Netherlands,Netherlands,2002,1022.691,2.594,0.301,0.047,0.0
2003_Netherlands,Netherlands,2003,1029.643,3.591,0.196,0.084,0.0
2004_Netherlands,Netherlands,2004,1061.811,5.054,0.259,0.09,0.0
2005_Netherlands,Netherlands,2005,1078.146,5.56,0.237,0.092,0.0
2006_Netherlands,Netherlands,2006,1054.879,7.308,0.281,0.094,0.477
2007_Netherlands,Netherlands,2007,1069.354,9.13,0.284,0.095,3.854
2008_Netherlands,Netherlands,2008,1051.266,11.241,0.264,0.103,3.368
2009_Netherlands,Netherlands,2009,1030.884,12.024,0.255,0.117,4.408
2010_Netherlands,Netherlands,2010,1095.291,10.411,0.272,0.155,2.735
2011_Netherlands,Netherlands,2011,1042.319,13.217,0.148,0.26,3.82
2012_Netherlands,Netherlands,2012,1006.845,12.832,0.269,0.654,3.963
2013_Netherlands,Netherlands,2013,979.321,14.407,0.293,1.321,3.786
2014_Netherlands,Netherlands,2014,920.421,14.754,0.285,1.997,4.432
2015_Netherlands,Netherlands,2015,928.086,19.099,0.235,2.837,3.806
2016_Netherlands,Netherlands,2016,944.085,20.547,0.252,3.922,3.053
2017_Netherlands,Netherlands,2017,923.95,26.422,0.152,5.511,4.749
2018_Netherlands,Netherlands,2018,916.524,26.255,0.18,9.179,7.279
2019_Netherlands,Netherlands,2019,901.859,28.372,0.184,12.85,8.43
1992_New Zealand,New Zealand,1992,120.036,0.002,58.591,0.0,0.0
1993_New Zealand,New Zealand,1993,118.756,0.003,65.258,0.0,0.0
1994_New Zealand,New Zealand,1994,122.869,0.003,71.77,0.0,0.0
1995_New Zealand,New Zealand,1995,126.101,0.003,76.485,0.0,0.0
1996_New Zealand,New Zealand,1996,133.198,0.023,72.73,0.0,0.0
1997_New Zealand,New Zealand,1997,141.363,0.038,64.606,0.0,0.0
1998_New Zealand,New Zealand,1998,134.738,0.061,70.332,0.0,0.0
1999_New Zealand,New Zealand,1999,142.84,0.108,63.665,0.0,0.0
2000_New Zealand,New Zealand,2000,147.255,0.334,67.875,0.0,0.0
2001_New Zealand,New Zealand,2001,154.113,0.384,59.834,0.0,0.0
2002_New Zealand,New Zealand,2002,153.801,0.426,68.2,0.0,0.0
2003_New Zealand,New Zealand,2003,151.137,0.399,64.357,0.0,0.0
2004_New Zealand,New Zealand,2004,148.118,0.979,73.739,0.0,0.0
2005_New Zealand,New Zealand,2005,149.945,1.653,62.748,0.0,0.0
2006_New Zealand,New Zealand,2006,150.967,1.663,63.01,0.0,0.0
2007_New Zealand,New Zealand,2007,149.492,2.47,62.795,0.009,0.0
2008_New Zealand,New Zealand,2008,151.921,2.794,58.991,0.009,0.0
2009_New Zealand,New Zealand,2009,143.95,3.873,63.533,0.009,0.0
2010_New Zealand,New Zealand,2010,145.097,4.269,64.471,0.01,0.0
2011_New Zealand,New Zealand,2011,143.934,5.072,65.073,0.011,0.0
2012_New Zealand,New Zealand,2012,150.971,5.356,58.976,0.012,0.0
2013_New Zealand,New Zealand,2013,151.438,5.176,58.96,0.018,0.0
2014_New Zealand,New Zealand,2014,157.081,5.627,61.887,0.047,0.0
2015_New Zealand,New Zealand,2015,157.54,5.981,62.055,0.092,0.0
2016_New Zealand,New Zealand,2016,156.047,5.861,65.19,0.142,0.0
2017_New Zealand,New Zealand,2017,162.222,5.216,62.949,0.191,0.0
2018_New Zealand,New Zealand,2018,157.955,5.139,65.34,0.247,0.0
2019_New Zealand,New Zealand,2019,164.422,5.584,63.355,0.314,0.0
1999_Norway,Norway,1999,163.752,0.04,337.367,0.0,0.0
2000_Norway,Norway,2000,160.233,0.084,393.939,0.015,0.0
2001_Norway,Norway,2001,170.193,0.079,332.447,0.015,0.0
2002_Norway,Norway,2002,167.618,0.107,354.73,0.015,0.0
2003_Norway,Norway,2003,174.419,0.599,287.366,0.017,0.0
2004_Norway,Norway,2004,175.57,0.703,294.471,0.017,0.0
2005_Norway,Norway,2005,169.713,1.364,364.984,0.017,0.0
2006_Norway,Norway,2006,170.55,1.7,319.068,0.019,0.0
2007_Norway,Norway,2007,169.242,2.369,355.024,0.019,0.0
2008_Norway,Norway,2008,168.989,2.41,367.042,0.02,0.0
2009_Norway,Norway,2009,166.552,2.563,328.675,0.02,0.0
2010_Norway,Norway,2010,173.63,2.292,304.41,0.021,0.0
2011_Norway,Norway,2011,170.504,3.325,311.73,0.022,0.0
2012_Norway,Norway,2012,168.817,3.987,365.083,0.023,0.0
2013_Norway,Norway,2013,170.25,4.816,328.105,0.025,0.0
2014_Norway,Norway,2014,166.934,5.642,344.68,0.03,0.0
2015_Norway,Norway,2015,170.093,6.362,347.342,0.034,0.0
2016_Norway,Norway,2016,163.656,5.321,358.152,0.06,0.0
2017_Norway,Norway,2017,165.135,7.135,354.888,0.102,0.0
2018_Norway,Norway,2018,168.624,9.636,345.446,0.212,0.0
2019_Norway,Norway,2019,161.613,13.713,310.162,0.279,0.0
2007_Pakistan,Pakistan,2007,628.484,0.0,84.147,0.001,0.0
2008_Pakistan,Pakistan,2008,646.444,0.0,72.168,0.004,0.0
2009_Pakistan,Pakistan,2009,650.475,0.0,75.413,0.014,0.0
2010_Pakistan,Pakistan,2010,651.195,0.0,77.725,0.035,0.0
2011_Pakistan,Pakistan,2011,645.329,0.0,79.284,0.07,0.0
2012_Pakistan,Pakistan,2012,650.953,0.0,27.681,0.17,0.0
2013_Pakistan,Pakistan,2013,653.944,1.016,127.132,0.371,0.0
2014_Pakistan,Pakistan,2014,674.587,2.041,82.128,0.606,0.0
2015_Pakistan,Pakistan,2015,713.402,1.988,82.9,0.93,0.0
2016_Pakistan,Pakistan,2016,777.474,3.543,87.045,1.658,0.0
2017_Pakistan,Pakistan,2017,830.007,5.253,76.569,2.223,0.0
2018_Pakistan,Pakistan,2018,856.463,7.8,72.361,2.537,0.0
2019_Pakistan,Pakistan,2019,860.248,11.832,88.165,2.873,0.0
1996_Peru,Peru,1996,98.595,0.001,37.01,0.0,0.0
1997_Peru,Peru,1997,100.034,0.002,36.707,0.0,0.0
1998_Peru,Peru,1998,98.937,0.001,38.356,0.0,0.0
1999_Peru,Peru,1999,100.855,0.002,40.391,0.0,0.0
2000_Peru,Peru,2000,100.416,0.002,44.934,0.0,0.0
2001_Peru,Peru,2001,94.864,0.003,48.612,0.0,0.0
2002_Peru,Peru,2002,97.211,0.003,49.465,0.0,0.0
2003_Peru,Peru,2003,94.021,0.003,50.492,0.0,0.0
2004_Peru,Peru,2004,106.778,0.003,47.441,0.0,0.0
2005_Peru,Peru,2005,112.469,0.003,48.356,0.0,0.0
2006_Peru,Peru,2006,108.854,0.003,52.375,0.0,0.0
2007_Peru,Peru,2007,124.837,0.003,51.927,0.0,0.0
2008_Peru,Peru,2008,140.263,0.003,50.313,0.0,0.0
2009_Peru,Peru,2009,142.467,0.003,52.217,0.0,0.0
2010_Peru,Peru,2010,166.532,0.003,52.283,0.0,0.0
2011_Peru,Peru,2011,191.499,0.003,55.865,0.0,0.0
2012_Peru,Peru,2012,192.101,0.003,56.749,0.154,0.0
2013_Peru,Peru,2013,196.428,0.003,57.144,0.504,0.0
2014_Peru,Peru,2014,201.516,0.655,56.524,0.507,0.0
2015_Peru,Peru,2015,215.025,1.504,59.923,0.582,0.0
2016_Peru,Peru,2016,232.223,2.651,59.918,0.608,0.0
2017_Peru,Peru,2017,218.788,2.684,72.686,0.718,0.0
2018_Peru,Peru,2018,227.273,3.734,76.394,1.853,0.0
2019_Peru,Peru,2019,229.738,4.076,78.214,1.886,0.0
2005_Philippines,Philippines,2005,262.961,0.047,22.559,0.004,0.0
2006_Philippines,Philippines,2006,248.083,0.142,26.568,0.004,0.0
2007_Philippines,Philippines,2007,264.624,0.154,22.747,0.003,0.0
2008_Philippines,Philippines,2008,270.364,0.162,25.982,0.003,0.0
2009_Philippines,Philippines,2009,273.537,0.169,25.677,0.003,0.0
2010_Philippines,Philippines,2010,290.109,0.161,20.346,0.003,0.0
2011_Philippines,Philippines,2011,291.664,0.229,25.131,0.003,0.0
2012_Philippines,Philippines,2012,299.949,0.194,26.407,0.003,0.0
2013_Philippines,Philippines,2013,327.567,0.168,25.652,0.004,0.0
2014_Philippines,Philippines,2014,347.637,0.387,23.254,0.042,0.0
2015_Philippines,Philippines,2015,383.147,1.893,21.921,0.35,0.0
2016_Philippines,Philippines,2016,421.035,2.452,20.397,2.759,0.0
2017_Philippines,Philippines,2017,464.794,2.734,24.013,3.003,0.0
2018_Philippines,Philippines,2018,479.42,2.865,23.322,3.105,0.0
2019_Philippines,Philippines,2019,496.613,2.909,23.915,3.296,0.0
1995_Poland,Poland,1995,1102.927,0.003,5.242,0.0,0.0
1997_Poland,Poland,1997,1146.198,0.006,5.447,0.0,0.0
1998_Poland,Poland,1998,1096.659,0.011,6.414,0.0,0.0
1999_Poland,Poland,1999,1075.722,0.011,5.986,0.0,0.0
2000_Poland,Poland,2000,1010.578,0.014,5.85,0.0,0.0
2001_Poland,Poland,2001,1002.168,0.039,6.416,0.0,0.0
2002_Poland,Poland,2002,991.387,0.167,6.249,0.0,0.0
2003_Poland,Poland,2003,1027.222,0.338,4.552,0.0,0.346
2004_Poland,Poland,2004,1031.94,0.384,5.636,0.0,0.165
2005_Poland,Poland,2005,1052.261,0.363,5.92,0.0,0.596
2006_Poland,Poland,2006,1103.036,0.684,5.458,0.0,1.082
2007_Poland,Poland,2007,1096.415,1.387,6.248,0.0,1.164
2008_Poland,Poland,2008,1108.294,2.209,5.683,0.0,5.153
2009_Poland,Poland,2009,1060.089,2.825,6.231,0.0,7.314
2010_Poland,Poland,2010,1125.9,4.339,7.614,0.0,7.538
2011_Poland,Poland,2011,1125.515,8.306,6.043,0.001,7.983
2012_Poland,Poland,2012,1079.677,12.227,5.247,0.003,8.828
2013_Poland,Poland,2013,1082.905,15.372,6.244,0.004,8.601
2014_Poland,Poland,2014,1034.272,19.54,5.556,0.018,8.177
2015_Poland,Poland,2015,1039.331,27.468,4.635,0.144,7.668
2016_Poland,Poland,2016,1090.461,31.656,5.379,0.312,5.179
2017_Poland,Poland,2017,1131.244,37.273,6.4,0.413,7.131
2018_Poland,Poland,2018,1148.214,31.81,4.896,0.746,10.699
2019_Poland,Poland,2019,1107.963,37.235,4.839,1.766,11.413
1989_Portugal,Portugal,1989,176.149,0.003,16.164,0.003,0.0
1990_Portugal,Portugal,1990,169.174,0.003,25.436,0.0,0.0
1991_Portugal,Portugal,1991,176.616,0.003,25.119,0.0,0.0
1992_Portugal,Portugal,1992,191.543,0.011,12.906,0.0,0.0
1993_Portugal,Portugal,1993,186.003,0.029,23.717,0.0,0.0
1994_Portugal,Portugal,1994,187.276,0.047,29.606,0.0,0.0
1995_Portugal,Portugal,1995,215.217,0.044,23.175,0.0,0.0
1996_Portugal,Portugal,1996,203.876,0.058,41.003,0.003,0.0
1997_Portugal,Portugal,1997,212.083,0.106,36.403,0.003,0.0
1998_Portugal,Portugal,1998,235.43,0.247,36.064,0.002,0.0
1999_Portugal,Portugal,1999,257.991,0.342,20.239,0.003,0.0
2000_Portugal,Portugal,2000,254.975,0.467,31.453,0.004,0.0
2001_Portugal,Portugal,2001,251.09,0.706,38.73,0.004,0.0
2002_Portugal,Portugal,2002,266.614,0.993,21.387,0.005,0.0
2003_Portugal,Portugal,2003,251.621,1.351,42.835,0.007,0.0
2004_Portugal,Portugal,2004,261.555,2.209,26.715,0.008,0.0
2005_Portugal,Portugal,2005,272.858,4.769,12.726,0.01,0.0
2006_Portugal,Portugal,2006,248.882,7.818,29.186,0.013,0.828
2007_Portugal,Portugal,2007,249.111,10.723,26.634,0.064,1.569
2008_Portugal,Portugal,2008,243.315,15.197,17.948,0.108,1.605
2009_Portugal,Portugal,2009,234.71,19.878,21.735,0.42,2.617
2010_Portugal,Portugal,2010,221.515,23.941,42.104,0.561,3.802
2011_Portugal,Portugal,2011,219.699,23.743,29.895,0.731,3.573
2012_Portugal,Portugal,2012,208.101,26.427,14.481,1.012,3.25
2013_Portugal,Portugal,2013,206.865,30.76,35.152,1.227,3.206
2014_Portugal,Portugal,2014,203.869,30.822,39.622,1.596,3.221
2015_Portugal,Portugal,2015,220.026,29.365,21.909,2.014,4.086
2016_Portugal,Portugal,2016,216.408,31.37,39.54,2.067,3.284
2017_Portugal,Portugal,2017,238.964,30.62,14.743,2.48,2.968
2018_Portugal,Portugal,2018,222.8,31.358,30.801,2.498,3.286
2019_Portugal,Portugal,2019,218.846,34.018,21.642,3.157,3.239
1990_Romania,Romania,1990,701.468,0.003,31.697,0.0,0.0
2006_Romania,Romania,2006,399.999,0.003,49.065,0.0,0.0
2007_Romania,Romania,2007,384.53,0.008,42.41,0.0,0.0
2008_Romania,Romania,2008,372.527,0.013,45.391,0.0,0.0
2009_Romania,Romania,2009,318.535,0.024,40.753,0.003,0.0
2010_Romania,Romania,2010,310.255,0.798,51.842,0.005,0.0
2011_Romania,Romania,2011,330.323,3.594,38.167,0.003,0.0
2012_Romania,Romania,2012,319.749,6.8,31.079,0.021,0.0
2013_Romania,Romania,2013,279.87,11.572,37.875,1.075,0.0
2014_Romania,Romania,2014,280.512,12.021,47.141,3.296,0.0
2015_Romania,Romania,2015,279.727,17.868,42.078,5.014,0.0
2016_Romania,Romania,2016,278.24,16.572,45.337,4.577,0.0
2017_Romania,Romania,2017,291.521,18.518,36.235,4.64,0.0
2018_Romania,Romania,2018,294.593,15.713,43.902,4.402,0.0
2019_Romania,Romania,2019,287.984,16.7,38.215,4.294,0.0
2000_Russia,Russia,2000,6357.781,0.005,455.767,0.0,0.0
2001_Russia,Russia,2001,6431.023,0.009,479.916,0.0,0.0
2002_Russia,Russia,2002,6427.908,0.017,444.671,0.0,0.0
2003_Russia,Russia,2003,6577.556,0.023,424.101,0.0,0.0
2004_Russia,Russia,2004,6605.758,0.019,475.559,0.0,0.0
2005_Russia,Russia,2005,6598.529,0.018,464.302,0.0,0.0
2006_Russia,Russia,2006,6906.459,0.014,463.184,0.0,0.0
2007_Russia,Russia,2007,6939.185,0.018,470.276,0.0,0.0
2008_Russia,Russia,2008,7004.363,0.014,434.979,0.0,0.0
2009_Russia,Russia,2009,6590.13,0.01,457.004,0.0,0.0
2010_Russia,Russia,2010,6896.327,0.011,434.084,0.0,0.0
2011_Russia,Russia,2011,7159.94,0.014,422.552,0.003,0.0
2012_Russia,Russia,2012,7170.482,0.014,421.019,0.011,0.0
2013_Russia,Russia,2013,7039.805,0.011,463.791,0.028,0.0
2014_Russia,Russia,2014,7070.887,0.245,441.274,0.407,0.0
2015_Russia,Russia,2015,6894.851,0.374,424.984,0.849,0.0
2016_Russia,Russia,2016,7027.402,0.372,464.261,1.178,0.0
2017_Russia,Russia,2017,7046.268,0.348,462.908,1.36,0.0
2018_Russia,Russia,2018,7357.949,0.589,473.807,1.552,0.0
2019_Russia,Russia,2019,7275.86,0.78,481.318,2.439,0.0
2003_Slovakia,Slovakia,2003,159.734,0.005,8.958,0.0,0.0
2004_Slovakia,Slovakia,2004,154.917,0.016,10.809,0.0,0.0
2005_Slovakia,Slovakia,2005,163.298,0.019,12.158,0.0,0.0
2006_Slovakia,Slovakia,2006,154.28,0.016,11.44,0.0,0.0
2007_Slovakia,Slovakia,2007,147.854,0.021,11.478,0.0,0.0
2008_Slovakia,Slovakia,2008,151.98,0.018,10.775,0.0,0.0
2009_Slovakia,Slovakia,2009,139.384,0.016,11.611,0.0,0.0
2010_Slovakia,Slovakia,2010,148.465,0.016,13.295,0.044,0.0
2011_Slovakia,Slovakia,2011,140.293,0.013,9.428,1.029,0.0
2012_Slovakia,Slovakia,2012,132.274,0.015,10.324,1.092,0.0
2013_Slovakia,Slovakia,2013,134.326,0.015,12.146,1.505,0.0
2014_Slovakia,Slovakia,2014,121.465,0.015,10.991,1.519,0.0
2015_Slovakia,Slovakia,2015,124.462,0.015,10.289,1.28,0.0
2016_Slovakia,Slovakia,2016,125.845,0.015,10.716,1.34,0.0
2017_Slovakia,Slovakia,2017,135.753,0.015,10.81,1.265,0.0
2018_Slovakia,Slovakia,2018,135.45,0.015,8.923,1.454,0.0
2019_Slovakia,Slovakia,2019,127.439,0.007,10.516,1.458,0.0
2008_Slovenia,Slovenia,2008,64.218,0.0,10.607,0.003,0.0
2009_Slovenia,Slovenia,2009,56.981,0.0,12.37,0.01,0.0
2010_Slovenia,Slovenia,2010,57.791,0.0,11.78,0.034,0.0
2011_Slovenia,Slovenia,2011,56.455,0.0,9.231,0.171,0.0
2012_Slovenia,Slovenia,2012,54.629,0.0,10.043,0.42,0.0
2013_Slovenia,Slovenia,2013,52.289,0.01,11.851,0.55,0.0
2014_Slovenia,Slovenia,2014,47.876,0.01,15.504,0.654,0.0
2015_Slovenia,Slovenia,2015,48.026,0.015,9.633,0.693,0.0
2016_Slovenia,Slovenia,2016,51.391,0.015,11.324,0.671,0.0
2017_Slovenia,Slovenia,2017,52.502,0.014,9.671,0.71,0.0
2018_Slovenia,Slovenia,2018,52.945,0.015,11.692,0.634,0.0
2019_Slovenia,Slovenia,2019,50.068,0.015,10.881,0.664,0.0
2000_South Africa,South Africa,2000,1143.661,0.0,3.058,0.026,0.0
2001_South Africa,South Africa,2001,1154.881,0.0,4.75,0.03,0.0
2002_South Africa,South Africa,2002,1119.461,0.0,5.714,0.034,0.0
2003_South Africa,South Africa,2003,1218.416,0.016,2.254,0.038,0.0
2004_South Africa,South Africa,2004,1331.143,0.032,2.571,0.042,0.0
2005_South Africa,South Africa,2005,1263.617,0.032,3.583,0.046,0.0
2006_South Africa,South Africa,2006,1289.138,0.032,7.745,0.05,0.0
2007_South Africa,South Africa,2007,1321.424,0.032,7.612,0.053,0.0
2008_South Africa,South Africa,2008,1419.512,0.055,3.325,0.057,0.0
2009_South Africa,South Africa,2009,1415.719,0.079,3.808,0.061,0.0
2010_South Africa,South Africa,2010,1429.569,0.089,2.98,0.072,0.0
2011_South Africa,South Africa,2011,1405.792,0.096,7.94,0.208,0.0
2012_South Africa,South Africa,2012,1389.214,0.095,2.623,0.222,0.0
2013_South Africa,South Africa,2013,1390.88,0.095,2.826,0.622,0.0
2014_South Africa,South Africa,2014,1403.434,2.713,4.568,2.858,0.0
2015_South Africa,South Africa,2015,1352.493,7.769,2.026,6.954,0.0
2016_South Africa,South Africa,2016,1409.45,10.585,1.76,8.233,0.0
2017_South Africa,South Africa,2017,1390.118,14.667,2.178,10.691,0.0
2018_South Africa,South Africa,2018,1410.15,17.129,1.889,12.266,0.0
2019_South Africa,South Africa,2019,1430.966,17.18,1.882,13.027,0.0
1990_South Korea,South Korea,1990,902.118,0.0,13.011,0.003,0.0
1991_South Korea,South Korea,1991,1035.522,0.0,9.683,0.003,0.0
1992_South Korea,South Korea,1992,1190.147,0.0,8.604,0.006,0.0
1993_South Korea,South Korea,1993,1313.604,0.003,11.743,0.006,0.0
1994_South Korea,South Korea,1994,1434.607,0.003,6.517,0.006,0.0
1995_South Korea,South Korea,1995,1557.781,0.0,7.666,0.006,0.0
1996_South Korea,South Korea,1996,1722.21,0.0,6.734,0.008,0.0
1997_South Korea,South Korea,1997,1903.811,0.003,7.817,0.008,0.0
1998_South Korea,South Korea,1998,1701.248,0.006,11.887,0.011,0.0
1999_South Korea,South Korea,1999,1839.371,0.016,11.554,0.013,0.0
2000_South Korea,South Korea,2000,1953.027,0.046,11.138,0.015,0.0
2001_South Korea,South Korea,2001,2002.477,0.035,6.43,0.017,0.0
2002_South Korea,South Korea,2002,2089.908,0.041,8.864,0.019,0.0
2003_South Korea,South Korea,2003,2136.87,0.068,13.31,0.021,0.0
2004_South Korea,South Korea,2004,2183.49,0.128,11.67,0.027,0.07
2005_South Korea,South Korea,2005,2225.338,0.349,9.881,0.039,0.151
2006_South Korea,South Korea,2006,2264.936,0.639,9.269,0.083,0.616
2007_South Korea,South Korea,2007,2365.58,1.125,9.647,0.213,1.116
2008_South Korea,South Korea,2008,2397.603,1.281,8.104,0.836,2.07
2009_South Korea,South Korea,2009,2417.556,1.881,7.38,1.554,2.954
2010_South Korea,South Korea,2010,2628.456,2.237,9.6,2.116,4.152
2011_South Korea,South Korea,2011,2749.942,2.446,11.915,2.6,3.908
2012_South Korea,South Korea,2012,2793.308,2.521,10.333,3.046,4.187
2013_South Korea,South Korea,2013,2823.06,3.173,10.982,4.436,4.291
2014_South Korea,South Korea,2014,2803.485,3.112,7.002,6.944,4.605
2015_South Korea,South Korea,2015,2842.11,3.614,5.428,10.713,5.129
2016_South Korea,South Korea,2016,2923.273,4.469,7.158,13.6,5.152
2017_South Korea,South Korea,2017,3006.279,5.762,7.022,18.744,4.978
2018_South Korea,South Korea,2018,3078.501,6.428,8.349,24.011,7.943
2019_South Korea,South Korea,2019,2987.572,6.829,6.873,30.044,8.001
1989_Spain,Spain,1989,850.016,0.036,53.747,0.017,0.0
1990_Spain,Spain,1990,837.976,0.039,70.595,0.017,0.0
1991_Spain,Spain,1991,866.482,0.042,75.783,0.019,0.0
1992_Spain,Spain,1992,943.373,0.286,52.556,0.022,0.0
1993_Spain,Spain,1993,888.99,0.322,67.714,0.025,0.0
1994_Spain,Spain,1994,932.451,0.486,78.278,0.028,0.0
1995_Spain,Spain,1995,990.526,0.75,64.2,0.042,0.0
1996_Spain,Spain,1996,986.691,1.011,110.561,0.033,0.0
1997_Spain,Spain,1997,1071.761,2.061,96.606,0.036,0.0
1998_Spain,Spain,1998,1125.024,3.756,94.458,0.042,0.0
1999_Spain,Spain,1999,1196.421,7.622,63.508,0.047,0.0
2000_Spain,Spain,2000,1244.659,13.131,82.139,0.05,0.825
2001_Spain,Spain,2001,1274.083,18.653,113.224,0.066,0.822
2002_Spain,Spain,2002,1336.226,25.615,62.845,0.082,1.649
2003_Spain,Spain,2003,1375.462,32.897,111.846,0.112,2.272
2004_Spain,Spain,2004,1456.514,42.5,85.747,0.152,2.084
2005_Spain,Spain,2005,1513.518,56.961,48.073,0.11,3.013
2006_Spain,Spain,2006,1506.692,62.272,69.203,0.318,2.021
2007_Spain,Spain,2007,1541.87,73.228,72.338,1.349,1.84
2008_Spain,Spain,2008,1469.829,86.969,62.119,6.805,2.373
2009_Spain,Spain,2009,1321.512,99.395,69.135,15.916,3.671
2010_Spain,Spain,2010,1268.731,113.893,109.602,18.42,16.723
2011_Spain,Spain,2011,1273.134,109.964,79.288,22.493,19.915
2012_Spain,Spain,2012,1250.134,127.428,52.919,30.821,24.544
2013_Spain,Spain,2013,1128.547,142.777,94.165,33.567,10.681
2014_Spain,Spain,2014,1100.87,132.369,99.682,34.797,11.259
2015_Spain,Spain,2015,1156.956,124.781,71.188,35.059,11.535
2016_Spain,Spain,2016,1150.099,123.009,91.502,34.306,13.027
2017_Spain,Spain,2017,1213.639,122.818,46.164,35.802,15.277
2018_Spain,Spain,2018,1198.017,126.496,86.475,31.674,19.623
2019_Spain,Spain,2019,1174.89,139.09,62.489,37.247,15.294
1999_Sri Lanka,Sri Lanka,1999,34.412,0.01,11.604,0.0,0.0
2000_Sri Lanka,Sri Lanka,2000,40.762,0.009,8.901,0.001,0.0
2001_Sri Lanka,Sri Lanka,2001,40.062,0.01,8.604,0.002,0.0
2002_Sri Lanka,Sri Lanka,2002,42.339,0.01,7.404,0.004,0.0
2003_Sri Lanka,Sri Lanka,2003,42.647,0.009,9.041,0.007,0.0
2004_Sri Lanka,Sri Lanka,2004,41.919,0.007,8.038,0.01,0.0
2005_Sri Lanka,Sri Lanka,2005,48.064,0.006,9.306,0.012,0.0
2006_Sri Lanka,Sri Lanka,2006,49.952,0.006,12.412,0.014,0.0
2007_Sri Lanka,Sri Lanka,2007,52.995,0.006,10.509,0.016,0.0
2008_Sri Lanka,Sri Lanka,2008,48.378,0.009,10.926,0.017,0.0
2009_Sri Lanka,Sri Lanka,2009,50.952,0.009,10.208,0.018,0.0
2010_Sri Lanka,Sri Lanka,2010,50.658,0.139,14.717,0.019,0.0
2011_Sri Lanka,Sri Lanka,2011,56.709,0.237,11.879,0.023,0.0
2012_Sri Lanka,Sri Lanka,2012,60.493,0.378,8.506,0.026,0.0
2013_Sri Lanka,Sri Lanka,2013,52.168,0.601,17.741,0.037,0.0
2014_Sri Lanka,Sri Lanka,2014,51.091,0.693,11.612,0.071,0.0
2015_Sri Lanka,Sri Lanka,2015,64.543,0.868,15.128,0.123,0.0
2016_Sri Lanka,Sri Lanka,2016,74.195,0.867,10.641,0.209,0.0
2017_Sri Lanka,Sri Lanka,2017,79.085,0.917,10.078,0.562,0.0
2018_Sri Lanka,Sri Lanka,2018,79.01,0.912,15.968,0.788,0.0
2019_Sri Lanka,Sri Lanka,2019,85.619,0.908,11.952,0.913,0.0
1983_Sweden,Sweden,1983,292.482,0.008,176.511,0.0,0.0
1984_Sweden,Sweden,1984,285.453,0.014,188.628,0.0,0.0
1985_Sweden,Sweden,1985,309.777,0.017,197.189,0.0,0.0
1986_Sweden,Sweden,1986,331.904,0.017,169.258,0.0,0.0
1987_Sweden,Sweden,1987,291.923,0.017,199.595,0.0,0.0
1988_Sweden,Sweden,1988,275.764,0.014,194.12,0.0,0.0
1989_Sweden,Sweden,1989,265.51,0.014,199.306,0.0,0.0
1990_Sweden,Sweden,1990,268.207,0.017,201.414,0.0,0.0
1991_Sweden,Sweden,1991,236.28,0.036,175.692,0.0,0.0
1992_Sweden,Sweden,1992,245.258,0.086,206.567,0.0,0.0
1993_Sweden,Sweden,1993,242.931,0.144,207.353,0.003,0.0
1994_Sweden,Sweden,1994,255.369,0.208,164.158,0.003,0.0
1995_Sweden,Sweden,1995,244.808,0.292,189.156,0.003,0.0
1996_Sweden,Sweden,1996,263.055,0.4,143.722,0.003,0.0
1997_Sweden,Sweden,1997,244.284,0.564,191.822,0.003,0.0
1998_Sweden,Sweden,1998,270.739,0.856,207.62,0.003,0.0
1999_Sweden,Sweden,1999,260.34,0.994,199.142,0.003,0.0
2000_Sweden,Sweden,2000,230.027,1.269,218.289,0.003,0.0
2001_Sweden,Sweden,2001,236.864,1.33,218.188,0.006,0.0
2002_Sweden,Sweden,2002,242.443,1.667,181.95,0.005,0.0
2003_Sweden,Sweden,2003,255.924,1.85,145.862,0.005,0.0
2004_Sweden,Sweden,2004,247.829,2.301,164.012,0.005,0.0
2005_Sweden,Sweden,2005,244.802,2.553,195.532,0.005,1.781
2006_Sweden,Sweden,2006,250.074,2.638,164.756,0.005,2.081
2007_Sweden,Sweden,2007,243.071,3.798,175.746,0.008,2.289
2008_Sweden,Sweden,2008,231.02,5.269,182.135,0.011,3.827
2009_Sweden,Sweden,2009,217.507,6.519,171.611,0.018,3.476
2010_Sweden,Sweden,2010,229.608,9.131,173.124,0.023,5.64
2011_Sweden,Sweden,2011,209.757,15.751,173.794,0.034,6.567
2012_Sweden,Sweden,2012,201.754,18.455,203.328,0.049,7.678
2013_Sweden,Sweden,2013,199.797,25.198,157.099,0.09,7.535
2014_Sweden,Sweden,2014,193.049,28.59,162.271,0.12,9.992
2015_Sweden,Sweden,2015,190.819,41.154,190.522,0.245,11.952
2016_Sweden,Sweden,2016,196.599,38.927,155.963,0.36,15.458
2017_Sweden,Sweden,2017,194.982,44.023,162.41,0.575,17.49
2018_Sweden,Sweden,2018,188.779,41.315,154.218,0.972,16.555
2019_Sweden,Sweden,2019,193.733,49.234,162.741,1.453,17.093
1990_Switzerland,Switzerland,1990,175.512,0.0,82.772,0.003,0.0
1991_Switzerland,Switzerland,1991,179.637,0.0,89.112,0.006,0.0
1992_Switzerland,Switzerland,1992,181.722,0.0,90.844,0.008,0.0
1993_Switzerland,Switzerland,1993,172.293,0.0,99.392,0.011,0.0
1994_Switzerland,Switzerland,1994,177.018,0.0,108.535,0.014,0.0
1995_Switzerland,Switzerland,1995,167.994,0.0,97.699,0.017,0.0
1996_Switzerland,Switzerland,1996,174.455,0.003,79.856,0.019,0.0
1997_Switzerland,Switzerland,1997,180.916,0.006,94.574,0.019,0.0
1998_Switzerland,Switzerland,1998,183.324,0.008,92.987,0.022,0.0
1999_Switzerland,Switzerland,1999,182.433,0.008,111.134,0.028,0.0
2000_Switzerland,Switzerland,2000,178.189,0.008,102.326,0.031,0.0
2001_Switzerland,Switzerland,2001,189.827,0.011,114.041,0.036,0.0
2002_Switzerland,Switzerland,2002,180.876,0.014,96.439,0.041,0.0
2003_Switzerland,Switzerland,2003,178.532,0.014,94.718,0.049,0.0
2004_Switzerland,Switzerland,2004,178.707,0.016,91.366,0.049,0.0
2005_Switzerland,Switzerland,2005,182.344,0.022,84.005,0.056,0.0
2006_Switzerland,Switzerland,2006,185.275,0.04,82.76,0.064,0.0
2007_Switzerland,Switzerland,2007,169.777,0.043,93.642,0.077,0.0
2008_Switzerland,Switzerland,2008,180.61,0.05,95.135,0.098,0.0
2009_Switzerland,Switzerland,2009,181.505,0.06,93.729,0.142,0.0
2010_Switzerland,Switzerland,2010,174.499,0.096,94.033,0.245,0.0
2011_Switzerland,Switzerland,2011,166.271,0.181,83.946,0.435,0.0
2012_Switzerland,Switzerland,2012,171.605,0.227,99.435,0.77,0.0
2013_Switzerland,Switzerland,2013,179.884,0.23,98.479,1.28,0.0
2014_Switzerland,Switzerland,2014,160.375,0.257,96.809,2.143,0.0
2015_Switzerland,Switzerland,2015,163.956,0.278,96.793,2.831,0.0
2016_Switzerland,Switzerland,2016,158.405,0.274,87.082,3.352,0.0
2017_Switzerland,Switzerland,2017,161.515,0.333,85.238,4.208,0.0
2018_Switzerland,Switzerland,2018,155.098,0.303,86.017,4.832,0.0
2019_Switzerland,Switzerland,2019,158.612,0.302,85.933,5.596,0.0
2000_Taiwan,Taiwan,2000,915.446,0.004,12.667,0.0,0.0
2001_Taiwan,Taiwan,2001,954.889,0.034,14.048,0.001,0.0
2002_Taiwan,Taiwan,2002,994.207,0.044,7.62,0.001,0.0
2003_Taiwan,Taiwan,2003,1048.415,0.065,8.267,0.001,0.0
2004_Taiwan,Taiwan,2004,1104.275,0.068,8.689,0.002,0.0
2005_Taiwan,Taiwan,2005,1114.362,0.246,10.722,0.003,0.0
2006_Taiwan,Taiwan,2006,1140.473,0.738,10.928,0.004,0.0
2007_Taiwan,Taiwan,2007,1190.892,1.168,11.734,0.006,0.0
2008_Taiwan,Taiwan,2008,1120.56,1.553,11.364,0.012,0.0
2009_Taiwan,Taiwan,2009,1101.083,2.064,9.833,0.024,0.0
2010_Taiwan,Taiwan,2010,1167.884,2.676,10.936,0.067,0.0
2011_Taiwan,Taiwan,2011,1152.424,3.868,10.365,0.182,0.0
2012_Taiwan,Taiwan,2012,1154.041,3.641,14.603,0.446,0.0
2013_Taiwan,Taiwan,2013,1178.584,4.199,13.884,0.865,0.0
2014_Taiwan,Taiwan,2014,1210.396,3.819,10.989,1.404,0.0
2015_Taiwan,Taiwan,2015,1210.104,3.858,11.308,2.215,0.0
2016_Taiwan,Taiwan,2016,1239.395,3.664,16.502,2.847,0.0
2017_Taiwan,Taiwan,2017,1268.893,4.306,13.617,4.229,0.0
2018_Taiwan,Taiwan,2018,1273.837,4.19,11.106,6.809,0.0
2019_Taiwan,Taiwan,2019,1222.656,4.634,13.729,10.262,0.0
2004_Thailand,Thailand,2004,976.157,0.0,15.961,0.0,0.039
2005_Thailand,Thailand,2005,1010.81,0.0,15.255,0.0,0.417
2006_Thailand,Thailand,2006,1019.971,0.0,21.25,0.098,0.786
2007_Thailand,Thailand,2007,1065.338,0.001,21.147,0.103,1.702
2008_Thailand,Thailand,2008,1077.778,0.001,18.348,0.103,5.699
2009_Thailand,Thailand,2009,1114.102,0.003,18.274,0.116,7.547
2010_Thailand,Thailand,2010,1187.738,0.01,13.941,0.152,7.786
2011_Thailand,Thailand,2011,1226.463,0.013,20.563,0.245,8.397
2012_Thailand,Thailand,2012,1307.101,0.044,21.717,1.284,10.989
2013_Thailand,Thailand,2013,1328.627,0.899,13.856,3.219,14.31
2014_Thailand,Thailand,2014,1359.512,1.008,13.141,4.921,17.434
2015_Thailand,Thailand,2015,1402.943,0.83,9.514,6.016,19.276
2016_Thailand,Thailand,2016,1428.739,0.868,8.91,8.492,19.664
2017_Thailand,Thailand,2017,1443.258,2.773,11.718,11.358,21.762
2018_Thailand,Thailand,2018,1468.644,4.842,18.881,12.399,23.798
2019_Thailand,Thailand,2019,1463.066,6.591,15.625,12.416,27.827
1998_Turkey,Turkey,1998,705.57,0.015,117.303,0.0,0.0
1999_Turkey,Turkey,1999,706.355,0.057,96.326,0.0,0.0
2000_Turkey,Turkey,2000,772.529,0.093,85.774,0.0,0.0
2001_Turkey,Turkey,2001,714.072,0.172,66.261,0.0,0.0
2002_Turkey,Turkey,2002,760.468,0.132,92.359,0.0,0.0
2003_Turkey,Turkey,2003,807.152,0.167,96.25,0.0,0.0
2004_Turkey,Turkey,2004,841.316,0.156,124.749,0.0,0.0
2005_Turkey,Turkey,2005,882.937,0.159,106.413,0.0,0.0
2006_Turkey,Turkey,2006,978.913,0.349,118.263,0.0,0.0
2007_Turkey,Turkey,2007,1071.111,0.933,95.229,0.0,0.0
2008_Turkey,Turkey,2008,1081.407,2.235,87.824,0.0,0.0
2009_Turkey,Turkey,2009,1087.623,3.923,94.335,0.0,0.0
2010_Turkey,Turkey,2010,1105.043,7.604,135.05,0.006,0.0
2011_Turkey,Turkey,2011,1185.432,12.242,135.634,0.007,0.0
2012_Turkey,Turkey,2012,1249.553,15.096,149.046,0.011,0.0
2013_Turkey,Turkey,2013,1225.853,19.349,152.131,0.017,0.0
2014_Turkey,Turkey,2014,1317.707,21.683,103.437,0.044,0.0
2015_Turkey,Turkey,2015,1376.938,29.478,169.863,0.491,0.0
2016_Turkey,Turkey,2016,1441.504,39.022,169.072,2.623,0.0
2017_Turkey,Turkey,2017,1550.745,44.76,145.546,7.223,0.0
2018_Turkey,Turkey,2018,1502.33,49.581,148.97,19.385,0.0
2019_Turkey,Turkey,2019,1467.992,53.744,220.778,27.039,0.0
2011_Turkmenistan,Turkmenistan,2011,276.989,0.0,0.008,0.001,0.0
2012_Turkmenistan,Turkmenistan,2012,301.954,0.0,0.008,0.003,0.0
2013_Turkmenistan,Turkmenistan,2013,268.232,0.0,0.008,0.005,0.0
2014_Turkmenistan,Turkmenistan,2014,278.022,0.0,0.008,0.008,0.0
2015_Turkmenistan,Turkmenistan,2015,332.801,0.0,0.008,0.013,0.0
2016_Turkmenistan,Turkmenistan,2016,329.515,0.0,0.008,0.018,0.0
2017_Turkmenistan,Turkmenistan,2017,326.077,0.0,0.008,0.017,0.0
2018_Turkmenistan,Turkmenistan,2018,365.046,0.0,0.008,0.017,0.0
2019_Turkmenistan,Turkmenistan,2019,402.001,0.0,0.008,0.017,0.0
1998_Ukraine,Ukraine,1998,1316.024,0.008,43.719,0.0,0.0
1999_Ukraine,Ukraine,1999,1336.273,0.008,39.789,0.0,0.0
2000_Ukraine,Ukraine,2000,1335.294,0.017,31.317,0.0,0.0
2001_Ukraine,Ukraine,2001,1317.091,0.044,33.205,0.0,0.0
2002_Ukraine,Ukraine,2002,1306.617,0.06,26.397,0.0,0.0
2003_Ukraine,Ukraine,2003,1337.568,0.084,25.168,0.0,0.0
2004_Ukraine,Ukraine,2004,1318.532,0.089,31.815,0.0,0.0
2005_Ukraine,Ukraine,2005,1320.779,0.102,33.255,0.0,0.0
2006_Ukraine,Ukraine,2006,1338.884,0.094,34.444,0.0,0.0
2007_Ukraine,Ukraine,2007,1331.394,0.12,26.942,0.0,0.0
2008_Ukraine,Ukraine,2008,1285.092,0.119,30.389,0.0,0.0
2009_Ukraine,Ukraine,2009,1069.243,0.113,31.314,0.0,0.0
2010_Ukraine,Ukraine,2010,1143.171,0.13,34.292,0.0,0.0
2011_Ukraine,Ukraine,2011,1202.241,0.232,28.361,0.078,0.0
2012_Ukraine,Ukraine,2012,1167.25,0.742,26.99,0.859,0.0
2013_Ukraine,Ukraine,2013,1102.531,1.635,35.344,1.459,0.0
2014_Ukraine,Ukraine,2014,940.062,2.876,21.576,1.092,0.0
2015_Ukraine,Ukraine,2015,746.274,2.743,13.651,1.205,0.0
2016_Ukraine,Ukraine,2016,806.571,2.399,19.303,1.234,0.0
2017_Ukraine,Ukraine,2017,718.463,2.459,22.369,1.804,0.0
2018_Ukraine,Ukraine,2018,741.596,2.954,25.917,2.753,0.0
2019_Ukraine,Ukraine,2019,710.505,4.668,16.92,7.208,0.0
2013_United Arab Emirates,United Arab Emirates,2013,1137.17,0.004,0.0,0.219,0.0
2014_United Arab Emirates,United Arab Emirates,2014,1131.474,0.008,0.0,0.785,0.0
2015_United Arab Emirates,United Arab Emirates,2015,1245.012,0.008,0.0,0.782,0.0
2016_United Arab Emirates,United Arab Emirates,2016,1293.055,0.004,0.0,0.853,0.0
2017_United Arab Emirates,United Arab Emirates,2017,1307.931,0.004,0.0,1.963,0.0
2018_United Arab Emirates,United Arab Emirates,2018,1330.207,0.004,0.0,3.266,0.0
2019_United Arab Emirates,United Arab Emirates,2019,1331.39,0.004,0.0,10.323,0.0
1984_United Kingdom,United Kingdom,1984,2126.836,0.0,12.6,0.003,0.0
1985_United Kingdom,United Kingdom,1985,2205.675,0.0,10.984,0.003,0.0
1986_United Kingdom,United Kingdom,1986,2275.317,0.0,13.245,0.003,0.0
1988_United Kingdom,United Kingdom,1988,2291.185,0.0,13.568,0.003,0.0
1989_United Kingdom,United Kingdom,1989,2271.022,0.025,13.245,0.0,0.0
1990_United Kingdom,United Kingdom,1990,2304.772,0.025,14.214,0.0,0.0
1991_United Kingdom,United Kingdom,1991,2345.417,0.025,12.599,0.0,0.0
1992_United Kingdom,United Kingdom,1992,2308.489,0.092,14.861,0.0,0.0
1993_United Kingdom,United Kingdom,1993,2303.996,0.603,11.953,0.0,0.0
1994_United Kingdom,United Kingdom,1994,2272.327,0.956,14.214,0.0,0.0
1995_United Kingdom,United Kingdom,1995,2279.955,1.089,12.922,0.0,0.0
1996_United Kingdom,United Kingdom,1996,2390.421,1.356,9.433,0.0,0.0
1997_United Kingdom,United Kingdom,1997,2329.803,1.853,12.212,0.0,0.0
1998_United Kingdom,United Kingdom,1998,2349.671,2.436,14.216,0.0,0.0
1999_United Kingdom,United Kingdom,1999,2345.664,2.361,14.821,0.003,0.0
2000_United Kingdom,United Kingdom,2000,2395.339,2.628,14.127,0.003,0.0
2001_United Kingdom,United Kingdom,2001,2413.574,2.663,11.19,0.006,0.0
2002_United Kingdom,United Kingdom,2002,2356.74,3.452,13.127,0.008,0.018
2003_United Kingdom,United Kingdom,2003,2394.471,3.509,8.793,0.008,0.19
2004_United Kingdom,United Kingdom,2004,2424.556,5.249,13.114,0.011,0.172
2005_United Kingdom,United Kingdom,2005,2442.832,7.833,13.242,0.022,0.839
2006_United Kingdom,United Kingdom,2006,2423.487,11.323,12.278,0.029,2.094
2007_United Kingdom,United Kingdom,2007,2372.573,14.009,13.487,0.037,4.077
2008_United Kingdom,United Kingdom,2008,2343.709,18.735,13.571,0.045,9.308
2009_United Kingdom,United Kingdom,2009,2163.999,24.348,13.715,0.052,11.56
2010_United Kingdom,United Kingdom,2010,2239.036,26.818,9.364,0.105,13.525
2011_United Kingdom,United Kingdom,2011,2064.643,41.367,14.75,0.631,12.543
2012_United Kingdom,United Kingdom,2012,2077.791,51.121,13.675,3.487,10.621
2013_United Kingdom,United Kingdom,2013,2035.313,72.704,12.037,5.147,12.119
2014_United Kingdom,United Kingdom,2014,1887.676,81.333,14.984,10.317,13.804
2015_United Kingdom,United Kingdom,2015,1853.012,101.886,15.931,19.056,11.082
2016_United Kingdom,United Kingdom,2016,1825.189,93.437,14.125,26.174,11.214
2017_United Kingdom,United Kingdom,2017,1785.851,124.083,14.82,28.689,11.076
2018_United Kingdom,United Kingdom,2018,1762.097,141.428,13.582,31.955,15.159
2019_United Kingdom,United Kingdom,2019,1723.913,158.81,14.755,31.39,19.32
1983_United States,United States,1983,17304.004,0.007,940.772,0.008,0.0
1984_United States,United States,1984,18239.986,0.018,909.965,0.015,0.0
1985_United States,United States,1985,18135.944,0.016,797.729,0.03,0.0
1986_United States,United States,1986,18135.955,0.012,824.931,0.039,0.0
1987_United States,United States,1987,18806.082,0.01,709.473,0.029,0.0
1988_United States,United States,1988,19631.993,0.002,634.402,0.026,0.0
1989_United States,United States,1989,19994.009,5.926,763.123,0.703,0.0
1990_United States,United States,1990,19813.402,7.824,811.892,1.03,17.669
1991_United States,United States,1991,19679.139,8.28,798.128,1.328,20.474
1992_United States,United States,1992,20083.125,8.102,698.405,1.136,23.279
1993_United States,United States,1993,20496.363,8.434,775.698,1.32,27.201
1994_United States,United States,1994,20893.884,9.672,720.393,1.394,30.461
1995_United States,United States,1995,21170.063,8.878,864.5,1.429,32.674
1996_United States,United States,1996,21883.039,9.074,965.416,1.504,23.436
1997_United States,United States,1997,22175.467,9.226,988.815,1.48,29.677
1998_United States,United States,1998,22301.748,8.49,894.693,1.457,32.792
1999_United States,United States,1999,22599.158,12.593,879.46,1.44,34.095
2000_United States,United States,2000,23224.264,15.694,757.671,1.44,39.074
2001_United States,United States,2001,22744.12,18.781,580.208,1.585,41.492
2002_United States,United States,2002,22941.458,28.678,707.879,1.65,49.559
2003_United States,United States,2003,23040.023,30.787,735.498,1.664,67.253
2004_United States,United States,2004,23499.054,38.674,710.738,1.89,84.876
2005_United States,United States,2005,23512.607,48.392,716.657,2.014,99.059
2006_United States,United States,2006,23185.686,71.79,763.247,2.204,138.566
2007_United States,United States,2007,23576.561,92.432,645.586,2.91,174.969
2008_United States,United States,2008,22789.636,147.621,662.72,4.311,239.349
2009_United States,United States,2009,21395.358,195.795,712.356,5.446,271.962
2010_United States,United States,2010,22174.395,249.286,670.809,7.856,312.88
2011_United States,United States,2011,21746.803,314.579,819.15,12.281,335.374
2012_United States,United States,2012,21197.905,366.387,705.835,23.277,335.549
2013_United States,United States,2013,21729.859,434.051,682.432,41.066,361.774
2014_United States,United States,2014,21940.02,466.966,650.863,74.353,366.756
2015_United States,United States,2015,21670.455,487.346,623.468,99.739,381.312
2016_United States,United States,2016,21428.95,576.606,663.312,139.37,411.458
2017_United States,United States,2017,21331.723,642.179,742.017,195.144,411.034
2018_United States,United States,2018,22196.473,684.484,719.554,234.392,406.412
2019_United States,United States,2019,21891.102,750.547,671.447,268.32,406.191
2016_Uzbekistan,Uzbekistan,2016,476.327,0.0,18.426,0.001,0.0
2017_Uzbekistan,Uzbekistan,2017,475.647,0.0,21.068,0.002,0.0
2018_Uzbekistan,Uzbekistan,2018,493.35,0.0,14.657,0.004,0.0
2019_Uzbekistan,Uzbekistan,2019,479.365,0.0,16.095,0.009,0.0
2010_Venezuela,Venezuela,2010,724.756,0.0,199.88,0.006,0.0
2011_Venezuela,Venezuela,2011,751.31,0.0,215.493,0.008,0.0
2012_Venezuela,Venezuela,2012,795.905,0.0,210.531,0.013,0.0
2013_Venezuela,Venezuela,2013,767.967,0.0,213.537,0.014,0.0
2014_Venezuela,Venezuela,2014,748.124,0.0,200.404,0.017,0.0
2015_Venezuela,Venezuela,2015,729.458,0.003,185.677,0.022,0.0
2016_Venezuela,Venezuela,2016,675.207,0.0,155.16,0.025,0.0
2017_Venezuela,Venezuela,2017,644.846,0.0,148.241,0.025,0.0
2018_Venezuela,Venezuela,2018,540.031,0.0,141.634,0.022,0.0
2019_Venezuela,Venezuela,2019,461.508,0.366,156.663,0.029,0.0
2008_Vietnam,Vietnam,2008,380.702,0.004,68.591,0.0,0.0
2009_Vietnam,Vietnam,2009,378.583,0.03,78.643,0.0,0.0
2010_Vietnam,Vietnam,2010,445.605,0.106,74.373,0.015,0.0
2011_Vietnam,Vietnam,2011,485.397,0.105,106.446,0.015,0.0
2012_Vietnam,Vietnam,2012,483.873,0.105,137.302,0.015,0.0
2013_Vietnam,Vietnam,2013,514.644,0.176,148.032,0.015,0.0
2014_Vietnam,Vietnam,2014,567.055,0.175,158.204,0.017,0.0
2015_Vietnam,Vietnam,2015,659.056,0.447,144.629,0.017,0.0
2016_Vietnam,Vietnam,2016,697.203,0.528,166.096,0.017,0.0
2017_Vietnam,Vietnam,2017,698.723,0.671,221.905,0.023,0.0
2018_Vietnam,Vietnam,2018,822.429,0.771,209.978,0.282,0.0
2019_Vietnam,Vietnam,2019,970.1,1.216,162.349,10.353,0.0
